id_commentaire_plat,note,avis,date,#idTenrac,#idRepas
1,5,Un classique indémodable !,11/21/2025,274,24
2,2,De l'ananas avec du poulet ? Une hérésie !,2/9/2025,114,17
3,5,La raclette est parfaitement fondante.,7/10/2024,70,8
4,2,Trop de légumes à mon goût.,8/26/2024,138,10
5,5,Le meilleur mélange tenders-raclette jamais goûté.,1/16/2025,14,16
6,3,Correct mais manque de sauce.,9/10/2025,93,21
7,5,Une tuerie les tenders sont super croustillants !,2/9/2025,116,17
8,5,Bonne alliance entre le saumon et le fromage.,6/16/2024,179,7
9,1,Rejet total : présence de brocolis non signalée.,1/26/2024,209,1
10,3,L'essence même de l'Ordre dans un plat.,8/18/2025,185,25
11,5,Le fromage fumé fait toute la différence.,12/23/2024,138,15
12,4,Un peu trop gras pour une réunion secrète.,9/10/2025,147,21
13,3,L'ananas apporte une fraîcheur surprenante.,5/23/2024,182,6
14,1,Plat généreux mais présentation à revoir.,2/24/2026,247,5
15,4,Parfait pour célébrer un nouveau grade.,6/16/2024,166,7
16,5,Une raclette digne des plus grands chevaliers. Le fromage coulait avec une grâce infinie. Honneur et saveur réunis en une seule soirée mémorable.,8/26/2024,100,10
17,5,Les tenders étaient d'une tendreté absolument transcendante. La sauce secrète de l'Ordre restera gravée dans ma mémoire pour l'éternité.,5/23/2024,216,6
18,5,"Repas exceptionnel. Le fromage fondait à la perfection, les tenders croustillants à souhait. Un festin digne du Grand Maître lui-même.",2/24/2026,172,5
19,5,Le banquet de l'Ordre Suprême fut à la hauteur de sa réputation. Chaque plat était une ode à la raclette. Je suis fier d'être Tenrac.,10/28/2025,12,1
20,5,Dégustations sublimes. Les chevaliers ont honoré la tradition avec brio. La lampe à raclette ronronnait comme jamais. Soirée parfaite.,10/4/2025,97,4
21,5,"La lame chauffante a fait des merveilles ce soir. Fromage doré, tenders fondants, ambiance mystique. Je ne pouvais rêver mieux.",9/10/2025,58,21
22,5,La Cène du Coulant Éternel porte bien son nom. Chaque bouchée était une révélation spirituelle fromagère. Respect à l'Ordre.,7/10/2024,200,8
23,5,"Les porte-spatules ont assuré avec maestria. Service impeccable, raclette parfaite, ambiance secrète au rendez-vous. Cinq étoiles mérités.",3/28/2025,110,19
24,5,La nuit du fromage interminable fut exactement ça : interminable et délicieuse. On a raclé jusqu'à l'aube. Magnifique souvenir.,11/6/2024,68,13
25,5,Souper des initiés réussi à merveille. Le gril mystique n'a pas déçu. Les tenders bénis étaient à tomber. Vive l'Ordre !,10/28/2025,98,1
26,5,Communion parfaite autour du tender béni. L'atmosphère était solennelle et la raclette divine. Un moment de grâce pure pour tout Tenrac.,4/6/2024,294,4
27,5,"La croûte dorée méritait amplement son nom ce soir. Croustillante, généreuse, parfumée. Le commandeur a validé chaque plat. Parfait.",1/16/2025,281,16
28,5,Grand Conclave réussi haut la main. Le fil fondu était interminable comme il se doit. Soirée inoubliable entre frères de l'Ordre.,3/13/2024,157,3
29,5,"Raclette somptueuse, tenders parfaitement frits, ambiance feutrée. Le Chevalier présidant a su maintenir la tradition. Très grande soirée.",10/13/2024,90,12
30,5,"Impossible de trouver le moindre défaut. Tenders croustillants, fromage coulant, sauce maison irréprochable. L'Ordre est en bonne santé.",1/7/2026,146,8
31,4,Très bon repas dans l'ensemble. La raclette était généreuse et bien chaude. Quelques tenders un poil trop cuits mais rien de grave.,4/30/2024,91,5
32,4,"Banquet de qualité, le fromage était excellent. Le service aurait pu être plus rapide mais l'ambiance compensait largement.",10/4/2025,159,4
33,4,"Belle dégustation, les chevaliers ont bien travaillé. La raclette manquait légèrement de sel mais les tenders étaient excellents.",1/31/2026,54,8
34,4,"Bon repas, la lampe chauffait bien. Le fromage était coulant à souhait. J'aurais aimé un peu plus de variété dans les accompagnements.",5/23/2024,262,6
35,4,"Très bonne cène, l'ambiance mystique était au rendez-vous. La raclette était fondante. Dommage que le repas ait été un peu court.",8/26/2024,119,10
36,4,Bon festin des porte-spatules. Les tenders étaient savoureux. La raclette légèrement moins chaude qu'espéré mais très bonne quand même.,5/15/2025,168,21
37,4,Belle nuit fromagère. Le fromage était de qualité et les tenders bien assaisonnés. Ambiance un peu moins mystérieuse que d'habitude.,1/7/2026,192,8
38,4,"Souper réussi, les initiés ont bien honoré la tradition. Raclette généreuse. Petit bémol sur l'organisation de la fin de soirée.",5/15/2025,282,21
39,4,"Bonne communion autour du tender. Fromage coulant, ambiance chaleureuse. On aurait apprécié un dessert à la hauteur du reste.",3/28/2025,51,19
40,4,Festin de la croûte dorée bien réussi. Tenders croustillants et raclette fondante. Quelques minutes d'attente en trop entre les plats.,3/13/2024,248,3
41,4,"Grand conclave plaisant. Le fil fondu était long comme il faut. Légère déception sur la qualité du fromage ce soir, mais bon repas.",8/18/2025,284,25
42,4,Bonne raclette traditionnelle. Le chevalier présidant a bien géré la soirée. Les tenders dorés étaient à la hauteur des espérances.,8/18/2025,266,25
43,4,Festin du tender réussi. Sauce secrète toujours aussi mystérieuse et savoureuse. Manquait un peu de fromage à mon goût personnel.,1/31/2026,216,8
44,4,"Raclette des ombres bien mystérieuse. Fromage correct, tenders bien frits. L'adresse secrète était particulièrement bien choisie ce soir.",4/21/2025,29,20
45,4,Banquet honorable. L'Ordre a maintenu son niveau de qualité habituel. Petit manque d'originalité dans les plats proposés cette fois.,6/7/2025,2,22
46,3,Repas correct sans être mémorable. La raclette était un peu trop froide à mon goût. Les tenders compensaient heureusement la situation.,3/4/2025,255,18
47,3,"Soirée moyenne. La lampe chauffante semblait fatiguée ce soir. Fromage pas assez coulant, tenders corrects. On a vu mieux par le passé.",7/25/2025,146,24
48,3,Cène décevante. L'ambiance mystique n'était pas vraiment au rendez-vous. La raclette était banale. J'espère mieux pour le prochain repas.,2/9/2025,287,17
49,3,Festin moyen. Les porte-spatules ont manqué d'entrain. La raclette était correcte mais sans éclat particulier. Ambiance un peu terne.,12/23/2024,48,15
50,3,Nuit fromagère sans grand relief. Le fromage était acceptable mais pas exceptionnel. Les tenders étaient trop secs. Peut mieux faire.,3/28/2025,170,19
51,3,"Souper passable. Le gril mystique n'a pas semblé très inspiré ce soir. Raclette correcte, tenders ordinaires. Déception relative.",2/9/2025,239,17
52,3,Communion tendue. Quelques désaccords sur la cuisson des tenders ont plombé l'ambiance. Fromage correct mais soirée en demi-teinte.,6/7/2025,135,22
53,3,La croûte n'était pas aussi dorée qu'annoncé. Repas honnête mais sans surprise. Le commandeur semblait lui-même peu convaincu.,10/28/2025,34,1
54,3,Conclave moyen. Le fil fondu s'est cassé trop vite. Organisation perfectible. La raclette sauvait un peu les meubles heureusement.,9/10/2025,121,21
55,3,Raclette traditionnelle trop traditionnelle justement. Manque d'originalité flagrant. Tenders corrects. On attendait plus de créativité.,2/18/2024,288,2
56,3,Tender correct mais sauce secrète moins secrète que d'habitude. L'impression d'avoir déjà goûté ça. Repas sans grande surprise.,8/26/2024,43,10
57,3,Raclette des ombres trop éclairée. Manque de mystère et de fromage. Les tenders étaient trop frits. Soirée en dessous des attentes.,1/26/2024,288,1
58,3,Banquet trop long et pas assez garni. On a attendu entre chaque plat. La raclette était correcte mais l'organisation laissait à désirer.,1/26/2024,20,1
59,3,"Dégustation ordinaire. Les chevaliers semblaient fatigués. Fromage moyen, tenders acceptables. Rien de transcendant ce soir malheureusement.",3/4/2025,244,18
60,2,"Soirée décevante. La lampe à raclette tombait en panne toutes les dix minutes. Fromage à peine fondu, tenders froids. Vraiment dommage.",4/30/2024,7,5
61,2,Cène ratée. Le fromage était trop épais et mal cuit. Les tenders semblaient réchauffés. L'ambiance mystique était totalement absente.,8/3/2024,165,9
62,2,Festin des porte-spatules très décevant. Les spatules ont peu servi tellement il y avait peu à racler. Quantités insuffisantes pour tous.,10/28/2025,219,1
63,2,"Nuit fromagère cauchemardesque. Le fromage était dur, les tenders caoutchouteux. On a failli rompre le vœu de silence tellement c'était mauvais.",2/9/2025,145,17
64,2,"Souper raté. Le gril mystique a rendu l'âme en plein milieu du repas. Repas froid, ambiance glaciale. Décevant pour un repas de l'Ordre.",5/15/2025,206,21
65,2,Communion avortée. La machine est tombée en panne. On a fini à la bougie avec du fromage tiède. Expérience à ne pas renouveler.,3/20/2026,261,24
66,2,"La croûte n'était pas dorée mais carbonisée. Tenders brûlés, fromage caoutchouteux. Le commandeur lui-même a quitté la table tôt.",12/23/2024,85,15
67,2,Grand conclave raté. Le fil s'est cassé immédiatement. Fromage acheté en dernière minute et de mauvaise qualité. Grande déception.,8/26/2024,284,10
68,1,"Raclette immanquable. Fromage froid, tenders crus au centre. La lampe ne chauffait pas. Honte à l'organisateur. L'Ordre mérite mieux.",9/10/2025,34,21
69,1,Festin catastrophique. Les tenders sentaient le réchauffé. La sauce secrète était visiblement du ketchup industriel. Inadmissible.,7/25/2025,63,24
70,1,"Raclette des ombres : les ombres ont tout mangé avant nous apparemment. Portions minuscules, fromage insipide. Soirée à oublier.",2/24/2026,162,5
71,1,"Banquet indigne de l'Ordre. Fromage avarié, tenders oubliés dans la friteuse, machine en panne. Le Grand Maître serait consterné.",2/24/2026,92,5
72,1,"Pire dégustation de ma vie de Tenrac. Tout était froid, rien n'était prêt. Les chevaliers présents étaient aussi perdus que moi.",1/16/2025,253,16
73,1,"Soirée honteuse. La lampe ardente n'ardait pas du tout. Fromage industriel, tenders congelés pas décongelés. Scandale absolu.",5/23/2024,6,6
74,1,"Cène du coulant éternel : rien n'a coulé. Fromage bloc, tenders caoutchouc, ambiance funèbre. Je demande réparation à l'Ordre.",3/13/2024,221,3
75,1,"Les porte-spatules ont porté des spatules inutiles. Rien à racler, rien à manger. Organisation désastreuse du début à la fin.",6/7/2025,180,22
76,5,"Raclette divine, fromage coulant à la perfection. Les tenders croustillants fondaient en bouche. Soirée inoubliable digne du Grand Maître.",8/18/2025,48,25
77,5,Un festin digne des plus hauts grades de l'Ordre. Chaque bouchée était une révélation fromagère absolue. Vive les Tenracs !,12/23/2024,209,15
78,5,"Fromage d'exception, tenders bénis, ambiance mystique au rendez-vous. Le Chevalier présidant a honoré la tradition avec brio.",6/16/2024,30,7
79,5,"La lampe à raclette ronronnait comme jamais. Fromage doré, tenders fondants. On ne pouvait rêver meilleure soirée entre Tenracs.",9/10/2025,200,21
80,5,Festin exceptionnel. Chaque plat était une ode à la raclette sacrée. Je suis fier et rassasié d'être membre de cet Ordre.,5/23/2024,223,6
81,5,Les tenders étaient d'une tendreté absolument transcendante. La sauce secrète restera gravée dans ma mémoire pour toujours.,4/6/2024,284,4
82,5,"Raclette somptueuse, ambiance feutrée et solennelle. Le fromage coulait avec une grâce infinie. Honneur et saveur réunis.",7/25/2025,219,24
83,5,"Soirée parfaite de bout en bout. La machine ronronnait, le fromage coulait, les tenders craquaient. L'Ordre est en grande forme.",1/7/2026,27,8
84,5,"Le Grand Chancelier lui-même aurait applaudi. Qualité irréprochable, générosité exemplaire. Un repas de légende tenracienne.",11/6/2024,125,13
85,5,"Les porte-spatules ont assuré avec maestria. Service impeccable, raclette parfaite. Cinq étoiles amplement mérités ce soir.",10/28/2025,24,1
86,5,"Fromage coulant, tenders croustillants, sauce divine. L'adresse secrète était idéale. Une soirée gravée dans les annales de l'Ordre.",8/3/2024,42,9
87,5,Dégustations sublimes. Les chevaliers ont honoré la tradition avec brio. On a raclé jusqu'à l'aube avec joie et dévotion.,11/6/2024,128,13
88,5,"La nuit du fromage interminable portait bien son nom. Délicieuse, généreuse, mystérieuse. Magnifique souvenir de Tenrac.",7/10/2024,75,8
89,5,"Communion parfaite autour du tender béni. Fromage coulant, ambiance chaleureuse. Un moment de grâce pure et fromagère.",10/4/2025,279,4
90,5,"Les Frères de la Lampe Ardente ont brillé ce soir. Tout était parfait, du fromage à l'ambiance. Je reviendrai sans hésiter.",1/16/2025,69,16
91,5,"La croûte dorée méritait amplement son nom. Croustillante, généreuse, parfumée. Le Commandeur a validé chaque plat.",7/1/2025,151,23
92,5,Grand conclave réussi haut la main. Le fil fondu était interminable comme il se doit. Soirée inoubliable entre frères.,2/18/2024,171,2
93,5,Raclette traditionnelle sublimée par un fromage hors du commun. Les tenders dorés étaient à la hauteur des espérances.,12/14/2025,208,9
94,5,"Impossible de trouver le moindre défaut ce soir. Tenders croustillants, fromage coulant, sauce maison irréprochable.",3/28/2025,84,19
95,5,Chaque bouchée de tender nappé de raclette était une prière silencieuse. L'Ordre sait encore recevoir. Chapeau bas.,8/3/2024,136,9
96,5,"La sauce secrète de l'Ordre restera gravée dans ma mémoire. Associée aux tenders et au fromage, c'était divin.",12/23/2024,227,15
97,5,"Organisation parfaite, fromage d'excellence, ambiance solennelle. La dignité du repas Tenrac était pleinement respectée.",9/10/2025,52,21
98,5,"Le Maître d'entretien avait bien préparé la machine. Chauffe optimale, fromage parfait. On sent le soin apporté au rite.",6/16/2024,242,7
99,5,"Soirée de haute tenue. Fromage affiné, tenders moelleux, sauce mystérieuse. L'adresse secrète était particulièrement bien choisie.",7/25/2025,284,24
100,5,"On a raclé, on a fondu, on a savouré. Dans cet ordre et avec bonheur. L'Ordre Tenrac préserve un art de vivre unique.",2/18/2024,48,2
101,5,"Festin royal. Le Grand Chevalier présidant a su créer une atmosphère unique. Fromage exceptionnel, tenders bénis.",7/10/2024,265,8
102,5,"La raclette des ombres portait bien son nom : mystérieuse et savoureuse. Tenders parfaits, ambiance secrète réussie.",2/24/2026,137,5
103,5,Banquet de l'Ordre à la hauteur de sa réputation légendaire. Chaque plat était une ode à notre repas sacré.,2/18/2024,173,2
104,5,"Le sanctuaire du tender béni a tenu toutes ses promesses. Soirée magique, fromage coulant, tenders croustillants.",2/9/2025,58,17
105,5,Repas exceptionnel servi avec solennité. La Haute Dame présidait avec grâce. Fromage et tenders en parfaite harmonie.,5/23/2024,11,6
106,5,"Le cercle des fondus tranquilles portait bien son nom. Ambiance apaisée, raclette généreuse, tenders bien assaisonnés.",2/9/2025,262,17
107,5,"Les gardiens de la plaque chauffante ont bien veillé ce soir. Température parfaite, fromage sublime, tenders exemplaires.",9/19/2024,132,11
108,5,"La confrérie du coulant sacré a encore frappé fort. Fromage d'une fluidité divine, tenders croustillants à souhait.",1/7/2026,127,8
109,5,"Les veilleurs de la croûte méritent leur titre. Croûte dorée à la perfection, fromage coulant, tenders fondants.",12/14/2025,299,9
110,5,"Le phalanstère du bon fondu n'a pas menti. Fondu, tendre, savoureux. Une expérience tenracienne complète et réussie.",8/3/2024,140,9
111,5,"La brigade fromagère de l'ombre a frappé fort dans l'obscurité. Fromage de caractère, tenders bien frits. Parfait.",10/13/2024,165,12
112,5,Le cénacle des fromagers errants a trouvé son chemin vers l'excellence. Très grande soirée de communion fromagère.,3/28/2025,244,19
113,5,La loge hermétique du bon fromage a livré ses secrets ce soir. Un fromage d'une qualité rarement atteinte. Bravo.,8/3/2024,71,9
114,5,"Les apôtres du coulant mystérieux ont converti jusqu'au dernier sceptique. Raclette parfaite, foi en l'Ordre renforcée.",12/14/2025,155,9
115,5,"La commanderie de la plaque ardente était en feu ce soir. Fromage ardent, tenders flambants, ambiance embrasée.",3/28/2025,181,19
116,5,Le conclave des chevaliers racleurs fut mémorable. Chaque chevalier a donné le meilleur de lui-même pour ce festin.,2/18/2024,162,2
117,5,Les disciples de la lampe sacrée ont illuminé cette soirée. Lumière et fromage fondus ensemble dans la perfection.,10/28/2025,39,1
118,5,La citadelle du tender immuable a prouvé que la tradition est une force. Tenders identiques à eux-mêmes : excellents.,8/3/2024,125,9
119,5,La société du gratin perpétuel mérite son nom. Un gratin de qualité perpétuellement maintenu. Respect à l'organisation.,2/9/2025,201,17
120,5,Les porteurs de la raclette sacrée ont accompli leur mission avec honneur. Raclette livrée à destination : parfaite.,7/10/2024,233,8
121,5,"Le club des initiés du tender flambé initie avec talent. Tenders flambés à merveille, fromage en apothéose finale.",10/13/2024,257,12
122,5,Les hérauts du fromage interminable ont annoncé la bonne nouvelle. Le fromage était effectivement interminable et divin.,9/10/2025,108,21
123,5,"La fraternité de l'appareil mystique maîtrise ses machines. Entretien parfait, chauffe optimale, résultat exceptionnel.",8/26/2024,276,10
124,5,"Le chapitre des compagnons du gril honore ses engagements. Gril parfait, fromage coulant, tenders croustillants.",10/28/2025,109,1
125,5,L'ordre discret des palais brûlants a su ménager le suspense. Révélation fromagère en fin de soirée. Magistral.,4/21/2025,235,20
126,5,"La guilde des maîtres racleurs démontre son expertise à chaque repas. Ce soir encore, la maîtrise était totale.",6/7/2025,149,22
127,5,Les éveilleurs du fromage endormi ont accompli leur mission. Le fromage s'est éveillé dans toute sa splendeur.,1/16/2025,79,16
128,5,"Le bastion des tenracs de l'ouest tient bon. Qualité constante, tradition respectée, fromage excellent. Félicitations.",4/6/2024,172,4
129,5,"La confrérie du tender et de l'épée tranche dans le vif du sujet. Tenders nets, fromage franc, soirée directe.",4/21/2025,123,20
130,5,"Le grand atelier du fil fondu éternel n'a jamais aussi bien filé. Fromage interminable, tenders sans fin. Parfait.",11/29/2024,146,14
131,5,Repas béni des dieux fromageurs. La raclette coulait comme une rivière de bonheur. Je recommande sans la moindre réserve.,9/10/2025,68,21
132,5,"La tradition Tenrac est bien vivante. Ce repas en est la preuve absolue. Fromage, tenders, amitié. Tout était réuni.",11/6/2024,289,13
133,5,Un repas qui restera dans les annales. Le Grand Maître en personne n'aurait pu faire mieux. Honneur à l'organisateur.,10/13/2024,193,12
134,5,Le fromage était si bon que j'ai failli trahir le secret de l'adresse. Heureusement la règle de l'Ordre m'en a empêché.,9/19/2024,27,11
135,5,"Tenders d'une qualité rare, fromage d'une générosité inouïe. L'Ordre Tenrac mérite sa réputation d'excellence absolue.",4/6/2024,135,4
136,5,On a fondu de plaisir autant que le fromage. Métaphore réussie et repas réussi. Une soirée Tenrac comme on les aime.,2/18/2024,4,2
137,5,La raclette chantait sous la lampe ardente. Les tenders dansaient dans la friteuse. Une symphonie gastronomique tenracienne.,4/21/2025,226,20
138,5,"Cinq étoiles sans hésiter. Le fromage, les tenders, l'ambiance, le secret, tout concourait à la perfection absolue.",9/10/2025,216,21
139,5,"Raclette divine, fromage coulant à la perfection. Les tenders croustillants fondaient en bouche. Soirée inoubliable digne du Grand Maître.",4/30/2024,46,5
140,5,Un festin digne des plus hauts grades de l'Ordre. Chaque bouchée était une révélation fromagère absolue. Vive les Tenracs !,10/28/2025,297,1
141,5,"Fromage d'exception, tenders bénis, ambiance mystique au rendez-vous. Le Chevalier présidant a honoré la tradition avec brio.",3/13/2024,106,3
142,5,"La lampe à raclette ronronnait comme jamais. Fromage doré, tenders fondants. On ne pouvait rêver meilleure soirée entre Tenracs.",11/6/2024,64,13
143,5,Festin exceptionnel. Chaque plat était une ode à la raclette sacrée. Je suis fier et rassasié d'être membre de cet Ordre.,8/26/2024,274,10
144,5,Les tenders étaient d'une tendreté absolument transcendante. La sauce secrète restera gravée dans ma mémoire pour toujours.,12/23/2024,53,15
145,5,"Raclette somptueuse, ambiance feutrée et solennelle. Le fromage coulait avec une grâce infinie. Honneur et saveur réunis.",8/3/2024,167,9
146,5,"Soirée parfaite de bout en bout. La machine ronronnait, le fromage coulait, les tenders craquaient. L'Ordre est en grande forme.",6/16/2024,280,7
147,5,"Le Grand Chancelier lui-même aurait applaudi. Qualité irréprochable, générosité exemplaire. Un repas de légende tenracienne.",6/16/2024,17,7
148,5,"Les porte-spatules ont assuré avec maestria. Service impeccable, raclette parfaite. Cinq étoiles amplement mérités ce soir.",11/29/2024,87,14
149,5,"Fromage coulant, tenders croustillants, sauce divine. L'adresse secrète était idéale. Une soirée gravée dans les annales de l'Ordre.",3/4/2025,22,18
150,5,Dégustations sublimes. Les chevaliers ont honoré la tradition avec brio. On a raclé jusqu'à l'aube avec joie et dévotion.,10/4/2025,137,4
151,5,"La nuit du fromage interminable portait bien son nom. Délicieuse, généreuse, mystérieuse. Magnifique souvenir de Tenrac.",12/23/2024,144,15
152,5,"Communion parfaite autour du tender béni. Fromage coulant, ambiance chaleureuse. Un moment de grâce pure et fromagère.",1/7/2026,191,8
153,5,"Les Frères de la Lampe Ardente ont brillé ce soir. Tout était parfait, du fromage à l'ambiance. Je reviendrai sans hésiter.",10/28/2025,158,1
154,5,"La croûte dorée méritait amplement son nom. Croustillante, généreuse, parfumée. Le Commandeur a validé chaque plat.",12/14/2025,70,9
155,5,Grand conclave réussi haut la main. Le fil fondu était interminable comme il se doit. Soirée inoubliable entre frères.,7/10/2024,65,8
156,5,Raclette traditionnelle sublimée par un fromage hors du commun. Les tenders dorés étaient à la hauteur des espérances.,1/7/2026,276,8
157,5,"Impossible de trouver le moindre défaut ce soir. Tenders croustillants, fromage coulant, sauce maison irréprochable.",4/30/2024,208,5
158,5,Chaque bouchée de tender nappé de raclette était une prière silencieuse. L'Ordre sait encore recevoir. Chapeau bas.,12/14/2025,187,9
159,5,"La sauce secrète de l'Ordre restera gravée dans ma mémoire. Associée aux tenders et au fromage, c'était divin.",11/29/2024,167,14
160,5,"Organisation parfaite, fromage d'excellence, ambiance solennelle. La dignité du repas Tenrac était pleinement respectée.",2/24/2026,269,5
161,5,"Le Maître d'entretien avait bien préparé la machine. Chauffe optimale, fromage parfait. On sent le soin apporté au rite.",11/6/2024,56,13
162,4,Très bon repas dans l'ensemble. La raclette était généreuse. Quelques tenders un poil trop cuits mais rien de grave.,11/29/2024,22,14
163,4,"Banquet de qualité, le fromage était excellent. Le service aurait pu être plus rapide mais l'ambiance compensait.",12/23/2024,292,15
164,4,Belle dégustation. La raclette manquait légèrement de sel mais les tenders étaient d'excellente facture ce soir.,9/10/2025,226,21
165,4,"Bon repas, la lampe chauffait bien. J'aurais aimé un peu plus de variété dans les accompagnements proposés.",11/29/2024,255,14
166,4,Très bonne soirée. La raclette était fondante. Dommage que le repas ait été un peu court à mon goût personnel.,5/15/2025,74,21
167,4,Bon festin. Les tenders étaient savoureux. La raclette légèrement moins chaude qu'espéré mais très bonne quand même.,3/20/2026,3,24
168,4,Belle nuit fromagère. Fromage de qualité et tenders bien assaisonnés. Ambiance un peu moins mystérieuse qu'habituellement.,11/6/2024,94,13
169,4,"Souper réussi. Raclette généreuse. Petit bémol sur l'organisation de la fin de soirée, un peu précipitée.",8/18/2025,62,25
170,4,Bonne communion autour du tender. Fromage coulant. On aurait apprécié un dessert à la hauteur du reste du repas.,7/25/2025,52,24
171,4,Festin bien réussi. Tenders croustillants et raclette fondante. Quelques minutes d'attente en trop entre les plats.,6/16/2024,191,7
172,4,Conclave plaisant. Léger déception sur la qualité du fromage ce soir mais bon repas dans l'ensemble.,11/29/2024,8,14
173,4,Bonne raclette traditionnelle. Le chevalier présidant a bien géré la soirée. Tenders dorés à la hauteur des espérances.,3/28/2025,261,19
174,4,Festin du tender réussi. Sauce secrète toujours mystérieuse. Manquait un peu de fromage à mon goût ce soir.,7/25/2025,139,24
175,4,"Raclette des ombres bien mystérieuse. Fromage correct, tenders bien frits. Adresse secrète bien choisie ce soir.",9/19/2024,204,11
176,4,Banquet honorable. Petit manque d'originalité dans les plats proposés mais qualité maintenue. On ne se plaint pas.,2/24/2026,28,5
177,4,Bonne soirée tenracienne. Le fromage était coulant et les tenders moelleux. Un rien plus de sauce aurait été parfait.,1/16/2025,124,16
178,4,Repas de qualité servi avec soin. Le Chevalier présidant manquait un peu d'entrain mais le fromage compensait.,11/6/2024,257,13
179,4,"La lampe chauffait bien ce soir. Raclette généreuse, tenders corrects. L'adresse secrète était un bon choix.",10/28/2025,281,1
180,4,Très bon festin dans l'ensemble. Petit bémol sur la cuisson des tenders mais fromage impeccable et abondant.,5/23/2024,5,6
181,4,"Soirée réussie. La confrérie a bien travaillé. Fromage fondant, tenders savoureux. Juste un peu moins d'attente.",5/15/2025,150,21
182,4,"Belle réunion des frères de l'Ordre. Raclette de qualité, ambiance convenable. Les tenders auraient pu être plus chauds.",11/6/2024,177,13
183,4,"Bon repas d'ensemble. Le fil fondu était long mais pas éternel. Fromage correct, tenders bien assaisonnés.",12/23/2024,256,15
184,4,"Réunion agréable. La machine tournait bien. Fromage de bonne facture, tenders un peu secs mais savoureux.",9/19/2024,63,11
185,4,"Festin plaisant. Les porte-spatules ont bien fait leur travail. Raclette généreuse, quelques maladresses à l'organisation.",2/9/2025,264,17
186,4,"Bonne soirée malgré un léger retard au démarrage. Une fois lancée, la raclette était vraiment excellente.",10/28/2025,174,1
187,4,"Repas de bonne tenue. Le Commandeur présidait avec autorité. Fromage fondant, tenders corrects, ambiance solennelle.",10/13/2024,27,12
188,4,Soirée fromagère réussie. Seul bémol : le fromage manquait d'affinage. Mais les tenders rattrapaient largement.,11/6/2024,255,13
189,4,Conclave de qualité. Organisation un peu bancale mais résultat dans l'assiette très satisfaisant. Fromage top.,10/28/2025,292,1
190,4,"Très bon repas. La sauce secrète était particulièrement réussie ce soir. Fromage coulant, tenders bien frits.",6/7/2025,65,22
191,4,"Belle réunion tenracienne. Le mystère de l'adresse bien préservé. Raclette généreuse, tenders savoureux. Bien joué.",2/24/2026,205,5
192,4,Bon festin de l'Ordre. Le fromage était de qualité. On aurait souhaité un peu plus de tenders mais c'était bon.,7/10/2024,222,8
193,4,"Repas plaisant dans l'ensemble. La lampe à raclette chauffait bien. Tenders corrects, fromage abondant. Bonne soirée.",6/7/2025,1,22
194,4,"Soirée convenable. Les frères de la lampe ardente ont assuré l'essentiel. Raclette fondante, tenders acceptables.",2/24/2026,286,5
195,4,"Bonne réunion secrète. L'ambiance était au rendez-vous. Fromage coulant, tenders moelleux. Seul le dessert manquait.",9/19/2024,236,11
196,4,"Repas de qualité. La machine était bien entretenue, ça se sentait. Fromage parfait, tenders légèrement trop salés.",7/10/2024,220,8
197,4,Festin réussi malgré quelques couacs organisationnels. La raclette a sauvé la soirée. Tenders corrects au final.,4/21/2025,69,20
198,4,Belle soirée Tenrac. Fromage généreux et coulant. Tenders un peu trop frits à mon goût mais savoureux quand même.,12/23/2024,222,15
199,4,"Bon repas de l'Ordre. La Haute Dame présidait avec élégance. Fromage fondant, tenders moelleux, sauce agréable.",3/28/2025,167,19
200,4,"Réunion agréable. L'adresse secrète était bien gardée. Raclette généreuse, tenders savoureux. Légère attente entre plats.",4/30/2024,275,5
201,4,"Soirée bien organisée dans l'ensemble. Fromage de qualité, tenders corrects. L'Ordre maintient son niveau habituel.",1/7/2026,87,8
202,4,"Festin honorable. Le Grand Chevalier présidait avec dignité. Raclette fondante, tenders croustillants. Bon repas.",7/10/2024,179,8
203,4,Bonne communion fromagère. Ambiance mystique présente. Raclette généreuse. Dommage que certains tenders fussent froids.,3/28/2025,148,19
204,4,"Repas satisfaisant. La confrérie du coulant sacré a bien tenu ses promesses. Fromage coulant, tenders corrects.",11/6/2024,199,13
205,4,Belle soirée entre initiés. Le fil fondu était long. Fromage excellent. Petite déception sur la variété des plats.,1/16/2025,100,16
206,4,"Bon festin tenracien. L'entretien de la machine se sentait dans la qualité de chauffe. Fromage parfait, tenders bons.",7/10/2024,32,8
207,4,"Soirée de qualité. Les chevaliers ont honoré la tradition. Raclette généreuse, tenders moelleux. Ambiance solennelle.",3/13/2024,290,3
208,4,"Repas réussi. Le mystère de l'adresse bien préservé jusqu'au bout. Fromage fondant, tenders savoureux. Belle soirée.",2/9/2025,79,17
209,4,"Bonne réunion de l'Ordre. Le Maître présidait avec sagesse. Fromage coulant, tenders croustillants. Légère attente.",3/28/2025,45,19
210,4,"Festin de bonne tenue. Organisation correcte, fromage de qualité, tenders bien assaisonnés. On en redemande.",5/15/2025,175,21
211,4,"Belle soirée fromagère. La lampe ardente bien réglée. Raclette généreuse, tenders corrects. Ambiance mystique réussie.",10/13/2024,99,12
212,4,Repas plaisant. Les porte-spatules efficaces. Fromage fondant et abondant. Tenders légèrement trop salés mais bons.,7/10/2024,150,8
213,4,"Soirée agréable. Le conclave bien organisé. Raclette de qualité, tenders moelleux. Seul manque : plus de sauce.",6/7/2025,285,22
214,4,"Bon festin entre frères. Fromage coulant, tenders savoureux. L'adresse secrète était particulièrement bien choisie.",6/7/2025,121,22
215,4,"Réunion réussie. Le Commandeur présidait avec autorité. Raclette fondante, tenders croustillants. Petits couacs mineurs.",6/16/2024,121,7
216,4,"Repas de qualité. La tradition Tenrac bien respectée. Fromage généreux, tenders corrects. On passe une bonne soirée.",8/3/2024,257,9
217,4,Belle soirée de l'Ordre. Fromage d'une belle fluidité. Tenders bien frits. Ambiance secrète et mystérieuse comme il faut.,12/14/2025,54,9
218,4,"Festin satisfaisant. Les frères ont bien travaillé. Raclette généreuse, tenders savoureux. Légère improvisation finale.",8/26/2024,248,10
219,4,"Bonne soirée tenracienne. Fromage de qualité, tenders moelleux. L'organisation aurait pu être un peu plus carrée.",2/18/2024,84,2
220,4,"Repas réussi dans l'ensemble. La sauce secrète était excellente. Fromage coulant, tenders corrects. Belle soirée.",9/10/2025,43,21
221,4,"Soirée plaisante. Le Grand Maître aurait approuvé. Raclette généreuse, tenders bien cuits. Petit bémol sur l'attente.",11/21/2025,242,24
222,4,"Bon festin de la confrérie. Fromage fondant, tenders croustillants. Organisation légèrement perfectible mais bon repas.",5/23/2024,1,6
223,4,"Belle réunion secrète. L'adresse était bien gardée. Raclette généreuse, tenders corrects. Ambiance mystique agréable.",7/1/2025,54,23
224,4,Très bon repas dans l'ensemble. La raclette était généreuse. Quelques tenders un poil trop cuits mais rien de grave.,8/3/2024,116,9
225,4,"Banquet de qualité, le fromage était excellent. Le service aurait pu être plus rapide mais l'ambiance compensait.",2/24/2026,72,5
226,4,Belle dégustation. La raclette manquait légèrement de sel mais les tenders étaient d'excellente facture ce soir.,11/29/2024,130,14
227,4,"Bon repas, la lampe chauffait bien. J'aurais aimé un peu plus de variété dans les accompagnements proposés.",3/13/2024,93,3
228,4,Très bonne soirée. La raclette était fondante. Dommage que le repas ait été un peu court à mon goût personnel.,8/18/2025,30,25
229,4,Bon festin. Les tenders étaient savoureux. La raclette légèrement moins chaude qu'espéré mais très bonne quand même.,10/28/2025,146,1
230,4,Belle nuit fromagère. Fromage de qualité et tenders bien assaisonnés. Ambiance un peu moins mystérieuse qu'habituellement.,11/6/2024,234,13
231,4,"Souper réussi. Raclette généreuse. Petit bémol sur l'organisation de la fin de soirée, un peu précipitée.",4/30/2024,273,5
232,4,Bonne communion autour du tender. Fromage coulant. On aurait apprécié un dessert à la hauteur du reste du repas.,8/18/2025,67,25
233,4,Festin bien réussi. Tenders croustillants et raclette fondante. Quelques minutes d'attente en trop entre les plats.,10/13/2024,63,12
234,4,Conclave plaisant. Léger déception sur la qualité du fromage ce soir mais bon repas dans l'ensemble.,9/19/2024,254,11
235,4,Bonne raclette traditionnelle. Le chevalier présidant a bien géré la soirée. Tenders dorés à la hauteur des espérances.,5/15/2025,46,21
236,4,Festin du tender réussi. Sauce secrète toujours mystérieuse. Manquait un peu de fromage à mon goût ce soir.,3/13/2024,262,3
237,4,"Raclette des ombres bien mystérieuse. Fromage correct, tenders bien frits. Adresse secrète bien choisie ce soir.",3/4/2025,147,18
238,4,Banquet honorable. Petit manque d'originalité dans les plats proposés mais qualité maintenue. On ne se plaint pas.,9/19/2024,184,11
239,4,Bonne soirée tenracienne. Le fromage était coulant et les tenders moelleux. Un rien plus de sauce aurait été parfait.,1/26/2024,171,1
240,4,Repas de qualité servi avec soin. Le Chevalier présidant manquait un peu d'entrain mais le fromage compensait.,3/20/2026,142,24
241,4,"La lampe chauffait bien ce soir. Raclette généreuse, tenders corrects. L'adresse secrète était un bon choix.",3/28/2025,215,19
242,4,Très bon festin dans l'ensemble. Petit bémol sur la cuisson des tenders mais fromage impeccable et abondant.,6/7/2025,161,22
243,4,"Soirée réussie. La confrérie a bien travaillé. Fromage fondant, tenders savoureux. Juste un peu moins d'attente.",8/3/2024,23,9
244,4,"Belle réunion des frères de l'Ordre. Raclette de qualité, ambiance convenable. Les tenders auraient pu être plus chauds.",9/19/2024,296,11
245,4,"Bon repas d'ensemble. Le fil fondu était long mais pas éternel. Fromage correct, tenders bien assaisonnés.",3/13/2024,176,3
246,4,"Réunion agréable. La machine tournait bien. Fromage de bonne facture, tenders un peu secs mais savoureux.",12/23/2024,286,15
247,4,"Festin plaisant. Les porte-spatules ont bien fait leur travail. Raclette généreuse, quelques maladresses à l'organisation.",4/6/2024,173,4
248,4,"Bonne soirée malgré un léger retard au démarrage. Une fois lancée, la raclette était vraiment excellente.",9/19/2024,65,11
249,4,"Repas de bonne tenue. Le Commandeur présidait avec autorité. Fromage fondant, tenders corrects, ambiance solennelle.",8/26/2024,44,10
250,4,Soirée fromagère réussie. Seul bémol : le fromage manquait d'affinage. Mais les tenders rattrapaient largement.,9/19/2024,230,11
251,4,Conclave de qualité. Organisation un peu bancale mais résultat dans l'assiette très satisfaisant. Fromage top.,8/3/2024,48,9
252,4,"Très bon repas. La sauce secrète était particulièrement réussie ce soir. Fromage coulant, tenders bien frits.",1/31/2026,38,8
253,4,"Belle réunion tenracienne. Le mystère de l'adresse bien préservé. Raclette généreuse, tenders savoureux. Bien joué.",7/1/2025,41,23
254,4,Bon festin de l'Ordre. Le fromage était de qualité. On aurait souhaité un peu plus de tenders mais c'était bon.,11/29/2024,218,14
255,4,"Repas plaisant dans l'ensemble. La lampe à raclette chauffait bien. Tenders corrects, fromage abondant. Bonne soirée.",5/23/2024,23,6
256,4,"Soirée convenable. Les frères de la lampe ardente ont assuré l'essentiel. Raclette fondante, tenders acceptables.",2/18/2024,70,2
257,4,"Bonne réunion secrète. L'ambiance était au rendez-vous. Fromage coulant, tenders moelleux. Seul le dessert manquait.",9/19/2024,300,11
258,4,"Repas de qualité. La machine était bien entretenue, ça se sentait. Fromage parfait, tenders légèrement trop salés.",5/23/2024,237,6
259,3,Repas correct sans être mémorable. La raclette était un peu froide. Les tenders compensaient heureusement la situation.,4/30/2024,120,5
260,3,"Soirée moyenne. La lampe semblait fatiguée. Fromage pas assez coulant, tenders corrects. On a vu mieux par le passé.",4/21/2025,106,20
261,3,Cène décevante. L'ambiance mystique n'était pas vraiment au rendez-vous. La raclette était banale ce soir.,12/23/2024,271,15
262,3,Festin moyen. Les porte-spatules manquaient d'entrain. La raclette correcte mais sans éclat particulier.,4/21/2025,184,20
263,3,Nuit fromagère sans grand relief. Fromage acceptable mais pas exceptionnel. Les tenders étaient trop secs.,7/1/2025,95,23
264,3,"Souper passable. Le gril mystique n'était pas très inspiré ce soir. Raclette correcte, tenders ordinaires.",3/13/2024,249,3
265,3,"Communion tendue. Quelques désaccords sur la cuisson plombaient l'ambiance. Fromage correct, soirée en demi-teinte.",5/15/2025,32,21
266,3,La croûte n'était pas aussi dorée qu'annoncé. Repas honnête mais sans surprise. Ambiance un peu plate.,12/23/2024,240,15
267,3,Conclave moyen. Le fil fondu s'est cassé trop vite. Organisation perfectible. La raclette sauvait les meubles.,8/26/2024,9,10
268,3,Raclette trop traditionnelle justement. Manque d'originalité flagrant. On attendait plus de créativité ce soir.,2/9/2025,223,17
269,3,Tender correct mais sauce moins secrète que d'habitude. L'impression d'avoir déjà goûté ça. Repas sans surprise.,8/26/2024,290,10
270,3,Raclette des ombres trop éclairée. Manque de mystère et de fromage. Les tenders étaient trop frits.,7/10/2024,82,8
271,3,"Banquet trop long et pas assez garni. On a attendu entre chaque plat. Raclette correcte, organisation moyenne.",2/18/2024,194,2
272,3,"Dégustation ordinaire. Les chevaliers semblaient fatigués. Fromage moyen, tenders acceptables. Rien de transcendant.",11/21/2025,225,24
273,3,"Repas honnête. Rien d'extraordinaire, rien de catastrophique. Le fromage fondait, les tenders étaient là. Voilà.",7/1/2025,167,23
274,3,"Soirée sans relief. La machine tournait, le fromage fondait, les tenders cuisaient. Mais la magie n'était pas là.",4/30/2024,181,5
275,3,"Repas acceptable. Le Chevalier présidant manquait de conviction. Fromage moyen, tenders corrects. Bof.",8/18/2025,211,25
276,3,"Festin ordinaire. On s'attendait à mieux de la part de cette confrérie. Fromage pas terrible, tenders passables.",2/18/2024,1,2
277,3,"Réunion sans grande surprise. Tout était dans la moyenne. Raclette correcte, tenders acceptables. Ni bien ni mal.",11/29/2024,298,14
278,3,"Soirée tenracienne quelconque. Le fil fondu manquait d'élasticité. Fromage correct, tenders un peu fades.",4/30/2024,118,5
279,3,"Repas moyen. La lampe chauffait irrégulièrement. Fromage parfois coulant, parfois non. Tenders corrects.",5/15/2025,118,21
280,3,"Festin sans éclat. Le Grand Chevalier semblait distrait. Raclette ordinaire, tenders sans grand caractère.",1/7/2026,47,8
281,3,Soirée correcte mais sans plus. L'adresse secrète était bien mais le repas n'était pas à la hauteur du lieu.,12/23/2024,201,15
282,3,Repas passable. Le mystère de l'adresse était réussi mais le fromage ne l'était pas vraiment. Tenders corrects.,9/19/2024,162,11
283,3,"Conclave honnête. Organisation correcte, fromage moyen, tenders acceptables. On attendait davantage de cette réunion.",11/29/2024,198,14
284,3,"Réunion sans grand intérêt gastronomique. Fromage correct, tenders passables. L'ambiance était trop sage.",5/15/2025,177,21
285,3,Festin de milieu de tableau. Fromage fondant mais fade. Tenders corrects mais sans saveur particulière.,4/30/2024,254,5
286,3,Soirée mitigée. La raclette démarrait bien puis perdait en qualité. Tenders inégaux. Ambiance correcte.,4/6/2024,38,4
287,3,"Repas sans surprise. Tout était prévisible. Fromage fondu, tenders frits. La tradition sans l'inspiration.",8/3/2024,175,9
288,3,Festin convenable. Le Commandeur présidait avec sérieux mais le fromage manquait de caractère. Tenders bons.,4/21/2025,31,20
289,3,"Soirée dans la moyenne. Rien à reprocher vraiment, rien à féliciter vraiment. La raclette était là c'est tout.",2/18/2024,36,2
290,3,"Repas acceptable. L'organisation était correcte. Fromage de qualité moyenne, tenders sans grand relief.",1/7/2026,74,8
291,3,"Réunion ordinaire. Le fil fondu manquait d'enthousiasme. Fromage correct, tenders acceptables. Soirée oubliable.",3/28/2025,17,19
292,3,"Festin passable. La machine tournait mais sans conviction. Fromage moyen, tenders corrects. Ni chaud ni froid.",5/15/2025,221,21
293,3,"Soirée tenracienne moyenne. On sentait le manque de préparation. Fromage correct, tenders passables.",2/18/2024,53,2
294,3,"Repas honnête mais sans âme. La tradition était respectée mécaniquement. Fromage coulant, tenders cuits. C'est tout.",10/28/2025,103,1
295,3,"Conclave sans relief. Ambiance secrète bien gardée mais repas décevant. Fromage ordinaire, tenders moyens.",2/24/2026,86,5
296,3,"Soirée correcte sans plus. Le Grand Maître aurait sans doute mieux fait. Fromage passable, tenders corrects.",11/6/2024,141,13
297,3,"Repas dans la norme tenracienne. Rien d'exceptionnel. Fromage fondu, tenders frits. Le minimum syndical.",12/23/2024,280,15
298,3,"Festin quelconque. La sauce secrète semblait moins secrète. Fromage correct, tenders sans caractère particulier.",2/9/2025,109,17
299,3,"Soirée moyenne. La lampe chauffait bien au moins. Fromage de qualité ordinaire. Tenders corrects, ambiance plate.",1/7/2026,16,8
300,3,"Repas passable. Le Chevalier présidant manquait d'entrain. Fromage moyen, tenders acceptables. Bof dans l'ensemble.",5/23/2024,46,6
301,3,"Réunion correcte. Organisation sans failles mais sans inspiration. Fromage correct, tenders passables. Correct.",7/10/2024,62,8
302,3,"Festin de milieu de gamme. Les attentes étaient hautes, le résultat moyen. Fromage fond, tenders frits. Voilà.",7/10/2024,189,8
303,3,"Soirée tenracienne sans grand éclat. La tradition était là mais pas la passion. Fromage moyen, tenders corrects.",3/28/2025,65,19
304,3,Repas correct sans être mémorable. La raclette était un peu froide. Les tenders compensaient heureusement la situation.,10/4/2025,28,4
305,3,"Soirée moyenne. La lampe semblait fatiguée. Fromage pas assez coulant, tenders corrects. On a vu mieux par le passé.",3/13/2024,215,3
306,3,Cène décevante. L'ambiance mystique n'était pas vraiment au rendez-vous. La raclette était banale ce soir.,10/4/2025,202,4
307,3,Festin moyen. Les porte-spatules manquaient d'entrain. La raclette correcte mais sans éclat particulier.,1/16/2025,109,16
308,3,Nuit fromagère sans grand relief. Fromage acceptable mais pas exceptionnel. Les tenders étaient trop secs.,4/6/2024,199,4
309,3,"Souper passable. Le gril mystique n'était pas très inspiré ce soir. Raclette correcte, tenders ordinaires.",3/13/2024,267,3
310,3,"Communion tendue. Quelques désaccords sur la cuisson plombaient l'ambiance. Fromage correct, soirée en demi-teinte.",1/16/2025,22,16
311,3,La croûte n'était pas aussi dorée qu'annoncé. Repas honnête mais sans surprise. Ambiance un peu plate.,9/10/2025,62,21
312,3,Conclave moyen. Le fil fondu s'est cassé trop vite. Organisation perfectible. La raclette sauvait les meubles.,7/1/2025,228,23
313,3,Raclette trop traditionnelle justement. Manque d'originalité flagrant. On attendait plus de créativité ce soir.,2/24/2026,255,5
314,3,Tender correct mais sauce moins secrète que d'habitude. L'impression d'avoir déjà goûté ça. Repas sans surprise.,12/23/2024,267,15
315,3,Raclette des ombres trop éclairée. Manque de mystère et de fromage. Les tenders étaient trop frits.,7/10/2024,156,8
316,3,"Banquet trop long et pas assez garni. On a attendu entre chaque plat. Raclette correcte, organisation moyenne.",11/29/2024,148,14
317,3,"Dégustation ordinaire. Les chevaliers semblaient fatigués. Fromage moyen, tenders acceptables. Rien de transcendant.",11/21/2025,80,24
318,3,"Repas honnête. Rien d'extraordinaire, rien de catastrophique. Le fromage fondait, les tenders étaient là. Voilà.",3/4/2025,9,18
319,3,"Soirée sans relief. La machine tournait, le fromage fondait, les tenders cuisaient. Mais la magie n'était pas là.",7/10/2024,86,8
320,3,"Repas acceptable. Le Chevalier présidant manquait de conviction. Fromage moyen, tenders corrects. Bof.",8/26/2024,163,10
321,3,"Festin ordinaire. On s'attendait à mieux de la part de cette confrérie. Fromage pas terrible, tenders passables.",6/16/2024,84,7
322,3,"Réunion sans grande surprise. Tout était dans la moyenne. Raclette correcte, tenders acceptables. Ni bien ni mal.",2/24/2026,119,5
323,3,"Soirée tenracienne quelconque. Le fil fondu manquait d'élasticité. Fromage correct, tenders un peu fades.",8/3/2024,204,9
324,2,"Soirée décevante. La lampe tombait en panne toutes les dix minutes. Fromage à peine fondu, tenders froids.",9/10/2025,1,21
325,2,Cène ratée. Le fromage était trop épais et mal cuit. Les tenders semblaient réchauffés. Ambiance absente.,11/21/2025,46,24
326,2,"Festin des porte-spatules décevant. Quantités insuffisantes pour tous. Fromage rare, tenders comptés.",11/6/2024,173,13
327,2,"Nuit fromagère cauchemardesque. Fromage dur, tenders caoutchouteux. Soirée à oublier rapidement.",4/21/2025,47,20
328,2,"Souper raté. Le gril mystique a rendu l'âme en plein repas. Froid, ambiance glaciale. Très décevant.",11/29/2024,17,14
329,2,"Communion avortée. La machine en panne. Fromage tiède, ambiance nulle. Expérience à ne pas renouveler.",3/28/2025,3,19
330,2,"La croûte était carbonisée. Tenders brûlés, fromage caoutchouteux. Le Commandeur a quitté tôt la table.",3/13/2024,276,3
331,2,Grand conclave raté. Fromage de mauvaise qualité. Tenders trop frits. Grande déception pour l'Ordre.,11/29/2024,214,14
332,2,"Repas bâclé. On sentait le manque de préparation. Fromage insipide, tenders trop cuits. Vraiment décevant.",12/23/2024,57,15
333,2,"Soirée ratée. La lampe chauffait trop fort. Fromage brûlé, tenders carbonisés. L'Ordre mérite bien mieux.",1/16/2025,16,16
334,2,"Festin décevant. Les chevaliers n'avaient visiblement pas le cœur à l'ouvrage. Fromage médiocre, tenders secs.",1/26/2024,56,1
335,2,"Réunion bâclée. L'adresse secrète était bien mais le repas ne l'était pas. Fromage dur, tenders insipides.",3/13/2024,241,3
336,2,"Repas raté. Organisation chaotique. Fromage trop froid, tenders trop secs. Une honte pour la tradition Tenrac.",2/9/2025,14,17
337,2,Soirée décevante. Le mystère de l'adresse bien gardé mais le fromage oublié. Tenders trop salés. Décevant.,1/7/2026,282,8
338,2,"Conclave raté. Le Chevalier présidant était absent d'esprit. Fromage médiocre, tenders mal cuits. Dommage.",7/10/2024,231,8
339,2,"Festin en dessous de tout. La machine n'était pas entretenue. Fromage collant, tenders froids. Inadmissible.",6/7/2025,18,22
340,2,Soirée gâchée. Le fromage n'était pas de qualité. Les tenders semblaient d'une autre semaine. Décevant.,7/25/2025,199,24
341,2,"Repas raté. La sauce secrète était de la mayonnaise industrielle. Fromage médiocre, tenders passables.",9/19/2024,249,11
342,2,"Réunion décevante. Organisation défaillante, fromage insipide, tenders trop cuits. L'Ordre peut faire mieux.",4/21/2025,103,20
343,2,"Festin bâclé. On attendait un repas tenracien, on a eu une raclette de cantine. Fromage triste, tenders secs.",6/16/2024,213,7
344,2,"Soirée ratée. La lampe chauffait irrégulièrement. Fromage brûlé d'un côté, froid de l'autre. Tenders ordinaires.",3/28/2025,55,19
345,2,"Repas décevant. Le Grand Chevalier semblait distrait. Fromage sans goût, tenders caoutchouteux. Déception.",7/25/2025,83,24
346,2,"Conclave raté. Le fil fondu ne s'est pas formé. Fromage trop vieux, tenders mal frits. Soirée à oublier.",7/10/2024,199,8
347,2,"Festin médiocre. Les porte-spatules n'ont pas assuré. Fromage dur, tenders froids. On attendait tellement mieux.",10/28/2025,25,1
348,2,"Soirée en dessous des attentes. Fromage de supermarché, tenders réchauffés. La tradition bafouée ce soir.",11/6/2024,245,13
349,2,"Repas raté. La machine n'avait pas été entretenue depuis longtemps. Fromage collant, tenders insipides.",11/29/2024,184,14
350,2,"Réunion décevante. L'ambiance mystique inexistante. Fromage médiocre, tenders trop secs. Retour à la base.",12/23/2024,269,15
351,2,"Festin bâclé. On sentait la précipitation. Fromage pas fondu, tenders trop cuits. Une soirée à oublier.",1/16/2025,6,16
352,2,"Soirée ratée. Désorganisation totale. Fromage arrivé froid, tenders arrivés après. Aucune cohérence.",1/7/2026,239,8
353,2,"Repas décevant. Le Commandeur absent. Fromage sans caractère, tenders insipides. L'Ordre en berne ce soir.",12/14/2025,78,9
354,2,"Soirée décevante. La lampe tombait en panne toutes les dix minutes. Fromage à peine fondu, tenders froids.",12/23/2024,230,15
355,2,Cène ratée. Le fromage était trop épais et mal cuit. Les tenders semblaient réchauffés. Ambiance absente.,2/18/2024,45,2
356,2,"Festin des porte-spatules décevant. Quantités insuffisantes pour tous. Fromage rare, tenders comptés.",3/4/2025,55,18
357,2,"Nuit fromagère cauchemardesque. Fromage dur, tenders caoutchouteux. Soirée à oublier rapidement.",1/31/2026,260,8
358,2,"Souper raté. Le gril mystique a rendu l'âme en plein repas. Froid, ambiance glaciale. Très décevant.",10/4/2025,160,4
359,2,"Communion avortée. La machine en panne. Fromage tiède, ambiance nulle. Expérience à ne pas renouveler.",11/29/2024,23,14
360,2,"La croûte était carbonisée. Tenders brûlés, fromage caoutchouteux. Le Commandeur a quitté tôt la table.",9/10/2025,48,21
361,2,Grand conclave raté. Fromage de mauvaise qualité. Tenders trop frits. Grande déception pour l'Ordre.,6/7/2025,190,22
362,2,"Repas bâclé. On sentait le manque de préparation. Fromage insipide, tenders trop cuits. Vraiment décevant.",6/16/2024,288,7
363,2,"Soirée ratée. La lampe chauffait trop fort. Fromage brûlé, tenders carbonisés. L'Ordre mérite bien mieux.",2/9/2025,156,17
364,2,"Festin décevant. Les chevaliers n'avaient visiblement pas le cœur à l'ouvrage. Fromage médiocre, tenders secs.",8/18/2025,131,25
365,2,"Réunion bâclée. L'adresse secrète était bien mais le repas ne l'était pas. Fromage dur, tenders insipides.",12/23/2024,115,15
366,2,"Repas raté. Organisation chaotique. Fromage trop froid, tenders trop secs. Une honte pour la tradition Tenrac.",3/13/2024,245,3
367,2,Soirée décevante. Le mystère de l'adresse bien gardé mais le fromage oublié. Tenders trop salés. Décevant.,3/20/2026,180,24
368,2,"Conclave raté. Le Chevalier présidant était absent d'esprit. Fromage médiocre, tenders mal cuits. Dommage.",3/13/2024,268,3
369,2,"Festin en dessous de tout. La machine n'était pas entretenue. Fromage collant, tenders froids. Inadmissible.",11/6/2024,25,13
370,2,Soirée gâchée. Le fromage n'était pas de qualité. Les tenders semblaient d'une autre semaine. Décevant.,3/28/2025,200,19
371,2,"Repas raté. La sauce secrète était de la mayonnaise industrielle. Fromage médiocre, tenders passables.",10/4/2025,63,4
372,2,"Réunion décevante. Organisation défaillante, fromage insipide, tenders trop cuits. L'Ordre peut faire mieux.",9/10/2025,90,21
373,2,"Festin bâclé. On attendait un repas tenracien, on a eu une raclette de cantine. Fromage triste, tenders secs.",10/28/2025,223,1
374,2,"Soirée ratée. La lampe chauffait irrégulièrement. Fromage brûlé d'un côté, froid de l'autre. Tenders ordinaires.",11/6/2024,239,13
375,2,"Repas décevant. Le Grand Chevalier semblait distrait. Fromage sans goût, tenders caoutchouteux. Déception.",12/23/2024,272,15
376,2,"Conclave raté. Le fil fondu ne s'est pas formé. Fromage trop vieux, tenders mal frits. Soirée à oublier.",5/15/2025,5,21
377,1,"Raclette immanquable. Fromage froid, tenders crus. La lampe ne chauffait pas. Honte à l'organisateur.",1/7/2026,52,8
378,1,Festin catastrophique. Tenders réchauffés. La sauce secrète était du ketchup industriel. Inadmissible.,8/3/2024,264,9
379,1,"Raclette des ombres : les ombres ont tout mangé avant nous. Portions minuscules, fromage insipide.",10/28/2025,75,1
380,1,"Banquet indigne. Fromage avarié, tenders oubliés dans la friteuse, machine en panne. Scandale absolu.",6/7/2025,67,22
381,1,"Pire dégustation de ma vie Tenrac. Tout froid, rien prêt. Les chevaliers étaient aussi perdus que moi.",11/29/2024,259,14
382,1,"Lampe ardente n'ardait pas. Fromage industriel, tenders congelés non décongelés. Scandale absolu.",3/4/2025,228,18
383,1,"La cène du coulant éternel : rien n'a coulé. Fromage bloc, tenders caoutchouc. Je demande réparation.",1/31/2026,252,8
384,1,"Les porte-spatules ont porté des spatules inutiles. Rien à racler, rien à manger. Désastre total.",3/13/2024,73,3
385,1,"Honte à l'organisateur. Fromage avarié, machine non entretenue, tenders brûlés. Inadmissible.",5/23/2024,275,6
386,1,"Soirée catastrophique. Le Grand Maître serait consterné. Fromage froid, tenders crus, machine en panne.",7/10/2024,11,8
387,1,"Désastre total. Rien n'était prêt à l'heure. Fromage dur, tenders caoutchouteux. Soirée honteuse.",6/7/2025,286,22
388,1,"Repas honteux. La sauce secrète avait tourné. Fromage dur, tenders brûlés. Une trahison envers l'Ordre.",4/30/2024,257,5
389,1,"Catastrophe tenracienne. Fromage de mauvaise qualité, tenders oubliés, lampe en panne. Scandale.",11/6/2024,137,13
390,1,"Soirée scandaleuse. Organisation nulle, fromage infect, tenders brûlés. Je quitte temporairement l'Ordre.",2/24/2026,214,5
391,1,"Le pire festin que j'aie vécu. Fromage froid et dur, tenders carbonisés, sauce inexistante. Inadmissible.",1/16/2025,165,16
392,1,"Honte absolue. La machine n'avait pas été entretenue. Fromage collé, tenders brûlés. Zéro pointé.",1/7/2026,102,8
393,1,Désastre complet. Le Chevalier présidant avait oublié le fromage. Tenders seuls ne font pas une raclette.,3/4/2025,283,18
394,1,Repas catastrophique. Fromage acheté en urgence et de piètre qualité. Tenders d'une autre semaine. Honte.,2/9/2025,213,17
395,1,"Soirée honteuse. Rien de ce qui fait un repas Tenrac n'était là. Fromage absent, tenders absents. Rien.",11/21/2025,22,24
396,1,"La pire expérience tenracienne de ma carrière. Fromage dur, tenders brûlés, lampe en panne. Inadmissible.",12/14/2025,111,9
397,1,"Raclette immanquable. Fromage froid, tenders crus. La lampe ne chauffait pas. Honte à l'organisateur.",10/13/2024,189,12
398,1,Festin catastrophique. Tenders réchauffés. La sauce secrète était du ketchup industriel. Inadmissible.,4/21/2025,221,20
399,1,"Raclette des ombres : les ombres ont tout mangé avant nous. Portions minuscules, fromage insipide.",3/20/2026,35,24
400,1,"Banquet indigne. Fromage avarié, tenders oubliés dans la friteuse, machine en panne. Scandale absolu.",7/10/2024,157,8
401,1,"Pire dégustation de ma vie Tenrac. Tout froid, rien prêt. Les chevaliers étaient aussi perdus que moi.",9/19/2024,15,11
402,1,"Lampe ardente n'ardait pas. Fromage industriel, tenders congelés non décongelés. Scandale absolu.",1/26/2024,45,1
403,1,"La cène du coulant éternel : rien n'a coulé. Fromage bloc, tenders caoutchouc. Je demande réparation.",8/26/2024,69,10
404,1,"Les porte-spatules ont porté des spatules inutiles. Rien à racler, rien à manger. Désastre total.",4/30/2024,279,5
405,1,"Honte à l'organisateur. Fromage avarié, machine non entretenue, tenders brûlés. Inadmissible.",3/20/2026,241,24
406,1,"Soirée catastrophique. Le Grand Maître serait consterné. Fromage froid, tenders crus, machine en panne.",10/28/2025,217,1
407,1,"Désastre total. Rien n'était prêt à l'heure. Fromage dur, tenders caoutchouteux. Soirée honteuse.",10/4/2025,292,4
408,4,"Très bon repas, j'ai apprécié.",2024-02-18,138,6
409,2,Je m'attendais à mieux de notre ordre.,2024-01-30,45,6
410,4,Très satisfait de cette soirée.,2024-01-28,209,6
411,4,"Très bon repas, j'ai apprécié.",2024-01-26,137,6
412,1,Une honte culinaire.,2024-02-11,56,6
413,4,Très satisfait de cette soirée.,2024-02-01,20,6
414,4,Très satisfait de cette soirée.,2024-02-08,195,6
415,2,"Médiocre, la tradition n'a pas été respectée.",2024-02-03,288,6
416,5,Un classique indémodable !,2024-02-19,171,6
417,5,Un chef-d'œuvre de la gastronomie tenrac.,2024-02-07,27,2
418,2,Je m'attendais à mieux de notre ordre.,2024-02-27,82,2
419,5,Le meilleur mélange tenders-raclette jamais goûté.,2024-01-30,126,2
420,3,La raclette sauvait un peu le tout.,2024-02-24,224,2
421,2,De l'ananas avec ça ? Une hérésie !,2024-02-22,230,2
422,1,Le pire repas de ma vie de tenrac.,2024-02-14,23,2
423,1,"Vraiment décevant, je suis scandalisé.",2024-02-02,73,24
424,4,La sauce était remarquable.,2024-02-28,65,24
425,5,Ce repas restera dans les annales de l'ordre.,2024-02-06,11,24
426,4,"Très bon repas, j'ai apprécié.",2024-02-21,150,24
427,2,De l'ananas avec ça ? Une hérésie !,2024-02-02,221,24
428,5,Le meilleur mélange tenders-raclette jamais goûté.,2024-02-12,294,24
429,2,Trop de légumes à mon goût.,2024-02-05,245,24
430,3,"Ni bon ni mauvais, dans la moyenne.",2024-02-21,136,24
431,2,Assez décevant.,2024-02-19,19,24
432,4,Très satisfait de cette soirée.,2024-02-23,157,24
433,2,Déçu par ce choix culinaire.,2024-02-12,176,24
434,2,Les légumes ont ruiné l'équilibre du plat.,2024-02-07,268,24
435,4,"Très bon repas, j'ai apprécié.",2024-02-07,248,24
436,5,"Parfait, absolument parfait !",2024-02-12,106,24
437,2,Je m'attendais à mieux de notre ordre.,2024-02-29,270,24
438,5,"Parfait, absolument parfait !",2024-02-06,290,24
439,4,Un repas digne de notre ordre.,2024-02-28,162,24
440,5,Je serais au paradis si ce repas durait éternellement.,2024-02-04,7,24
441,2,Je m'attendais à mieux de notre ordre.,2024-02-23,204,24
442,4,Les tenders étaient bien croustillants.,2024-02-23,263,24
443,4,La sauce était remarquable.,2024-02-12,223,24
444,3,Quelques légumes mais ça passe.,2024-02-16,276,24
445,3,Correct sans plus.,2024-02-27,249,24
446,1,"Inacceptable, les légumes n'ont pas leur place ici.",2024-02-25,267,24
447,4,La sauce était remarquable.,2024-02-02,215,24
448,3,"Pas mémorable, mais pas honteux non plus.",2024-02-14,192,24
449,3,"L'ensemble était équilibré, je suppose.",2024-02-27,262,24
450,5,Le meilleur mélange tenders-raclette jamais goûté.,2024-02-21,17,24
451,5,"La raclette coulait à flots, que demander de plus ?",2024-02-24,93,24
452,4,La raclette était parfaitement fondante.,2024-02-11,250,16
453,3,"Moyen, comme souvent quand il y a des légumes.",2024-02-02,135,16
454,5,"La raclette coulait à flots, que demander de plus ?",2024-02-18,88,16
455,5,"Magnifique soirée, la tradition honorée.",2024-03-02,172,16
456,1,Ce repas était une insulte à notre ordre.,2024-02-28,173,16
457,4,La sauce était remarquable.,2024-02-08,284,16
458,2,On peut faire mieux sans légumes.,2024-02-19,201,16
459,5,"Magnifique soirée, la tradition honorée.",2024-03-02,38,16
460,1,"Jamais vu ça, des légumes dans un festin de tenrac !",2024-02-17,234,16
461,1,"Jamais vu ça, des légumes dans un festin de tenrac !",2024-03-01,199,16
462,5,"La raclette coulait à flots, que demander de plus ?",2024-02-09,294,16
463,1,Je demande réparation pour ce repas infâme.,2024-04-29,9,19
464,1,Le pire repas de ma vie de tenrac.,2024-04-25,97,19
465,1,Ces légumes sont une profanation.,2024-04-23,46,19
466,1,Le pire repas de ma vie de tenrac.,2024-04-29,187,19
467,3,Acceptable pour un soir ordinaire.,2024-04-15,7,19
468,5,Un chef-d'œuvre de la gastronomie tenrac.,2024-04-29,118,19
469,2,Les légumes ont ruiné l'équilibre du plat.,2024-04-23,208,19
470,4,Belle soirée gastronomique.,2024-04-21,273,19
471,2,Trop de légumes à mon goût.,2024-04-13,257,19
472,5,Je serais au paradis si ce repas durait éternellement.,2024-04-02,31,19
473,2,Assez décevant.,2024-04-09,254,19
474,1,Ces légumes sont une profanation.,2024-04-06,120,19
475,4,"Très bon repas, j'ai apprécié.",2024-04-01,279,19
476,4,"Très bon repas, j'ai apprécié.",2024-04-06,248,19
477,1,"Horrible, les légumes ont tout gâché.",2024-04-26,91,19
478,2,Les légumes ont ruiné l'équilibre du plat.,2024-04-06,79,19
479,2,Déçu par ce choix culinaire.,2024-04-05,275,19
480,3,"Pas mémorable, mais pas honteux non plus.",2024-04-23,194,12
481,3,"Moyen, comme souvent quand il y a des légumes.",2024-04-30,237,12
482,3,Un repas convenable mais sans éclat.,2024-04-08,23,12
483,4,Presque parfait.,2024-04-18,6,12
484,3,Correct sans plus.,2024-04-26,69,12
485,4,La raclette était parfaitement fondante.,2024-04-06,234,12
486,3,La raclette sauvait un peu le tout.,2024-04-30,11,12
487,5,"Exceptionnel, je suis comblé.",2024-04-11,132,12
488,2,Déçu par ce choix culinaire.,2024-04-09,181,12
489,3,Acceptable pour un soir ordinaire.,2024-04-19,140,12
490,2,Assez décevant.,2024-04-19,223,12
491,5,"Magnifique soirée, la tradition honorée.",2024-04-08,216,12
492,1,Ces légumes sont une profanation.,2024-05-01,1,12
493,1,Je n'aurais pas dû venir.,2024-05-04,56,12
494,5,"Exceptionnel, je suis comblé.",2024-04-10,33,12
495,3,"Moyen, comme souvent quand il y a des légumes.",2024-04-11,262,12
496,5,Un classique indémodable !,2024-04-10,182,12
497,3,"Rien d'exceptionnel, mais je suis repu.",2024-04-13,46,12
498,5,Je serais au paradis si ce repas durait éternellement.,2024-04-14,43,12
499,3,"L'ensemble était équilibré, je suppose.",2024-04-26,222,12
500,4,Un festin de bonne facture.,2024-04-11,5,12
501,2,"Pas à la hauteur, les légumes ont pris trop de place.",2024-04-23,275,12
502,4,"Très bon repas, j'ai apprécié.",2024-05-07,38,17
503,2,"Pas à la hauteur, les légumes ont pris trop de place.",2024-05-02,280,17
504,3,"L'ensemble était équilibré, je suppose.",2024-04-19,207,17
505,1,Ces légumes sont une profanation.,2024-04-16,15,17
506,5,Le meilleur mélange tenders-raclette jamais goûté.,2024-05-03,166,17
507,1,Une honte culinaire.,2024-04-26,135,17
508,1,Je demande réparation pour ce repas infâme.,2024-04-21,242,17
509,4,"Très bon repas, j'ai apprécié.",2024-05-03,17,17
510,1,Je demande réparation pour ce repas infâme.,2024-05-02,288,17
511,3,Acceptable pour un soir ordinaire.,2024-04-20,172,17
512,4,Presque parfait.,2024-04-21,179,17
513,2,On peut faire mieux sans légumes.,2024-05-05,13,17
514,4,"Excellente qualité, je reviens.",2024-04-24,84,17
515,5,Le meilleur mélange tenders-raclette jamais goûté.,2024-04-14,215,17
516,3,"Pas mémorable, mais pas honteux non plus.",2024-04-17,33,17
517,1,Une honte culinaire.,2024-04-30,74,17
518,2,Trop de légumes à mon goût.,2024-05-12,191,17
519,1,Une honte culinaire.,2024-04-25,121,17
520,2,Déçu par ce choix culinaire.,2024-05-10,41,17
521,3,Acceptable pour un soir ordinaire.,2024-05-03,30,17
522,5,"Magnifique soirée, la tradition honorée.",2024-04-24,276,24
523,4,Très satisfait de cette soirée.,2024-05-03,157,24
524,5,Le meilleur mélange tenders-raclette jamais goûté.,2024-05-24,75,24
525,5,"La raclette coulait à flots, que demander de plus ?",2024-04-27,150,24
526,5,"Magnifique soirée, la tradition honorée.",2024-04-28,200,24
527,2,"Médiocre, la tradition n'a pas été respectée.",2024-04-30,189,24
528,4,Belle soirée gastronomique.,2024-05-15,65,24
529,4,Les tenders étaient bien croustillants.,2024-05-10,173,24
530,3,Correct sans plus.,2024-04-26,265,24
531,4,Les tenders étaient bien croustillants.,2024-04-25,62,24
532,1,"Inacceptable, les légumes n'ont pas leur place ici.",2024-05-14,86,24
533,5,Digne des plus grands banquets de notre ordre !,2024-05-17,198,24
534,3,"Rien d'exceptionnel, mais je suis repu.",2024-05-11,222,24
535,1,Je n'aurais pas dû venir.,2024-05-24,32,24
536,5,Digne des plus grands banquets de notre ordre !,2024-05-11,70,24
537,1,"Jamais vu ça, des légumes dans un festin de tenrac !",2024-05-12,233,24
538,4,Un repas digne de notre ordre.,2024-04-28,11,24
539,1,"Jamais vu ça, des légumes dans un festin de tenrac !",2024-05-22,179,24
540,5,Un classique indémodable !,2024-05-22,231,24
541,3,"Ni bon ni mauvais, dans la moyenne.",2024-05-15,156,24
542,1,Ces légumes sont une profanation.,2024-05-22,220,24
543,5,Ce repas restera dans les annales de l'ordre.,2024-05-17,15,24
544,2,Je m'attendais à mieux de notre ordre.,2024-05-21,82,24
545,2,On peut faire mieux sans légumes.,2024-06-19,167,8
546,3,Quelques légumes mais ça passe.,2024-06-14,264,8
547,5,Un chef-d'œuvre de la gastronomie tenrac.,2024-06-16,285,8
548,4,Belle soirée gastronomique.,2024-05-30,71,8
549,2,Assez décevant.,2024-06-03,176,8
550,5,Je serais au paradis si ce repas durait éternellement.,2024-05-29,257,8
551,2,Déçu par ce choix culinaire.,2024-06-02,280,8
552,2,Je m'attendais à mieux de notre ordre.,2024-05-29,116,8
553,1,Une honte culinaire.,2024-06-03,292,8
554,2,Assez décevant.,2024-06-21,175,8
555,5,"Parfait, absolument parfait !",2024-06-11,48,8
556,3,"L'ensemble était équilibré, je suppose.",2024-06-01,140,8
557,5,Le meilleur mélange tenders-raclette jamais goûté.,2024-06-19,125,8
558,5,Digne des plus grands banquets de notre ordre !,2024-06-09,105,8
559,5,"La raclette coulait à flots, que demander de plus ?",2024-05-23,165,8
560,1,"Vraiment décevant, je suis scandalisé.",2024-06-02,136,8
561,4,Presque parfait.,2024-06-04,204,8
562,4,Très satisfait de cette soirée.,2024-05-25,23,8
563,3,"Pas mémorable, mais pas honteux non plus.",2024-05-28,42,8
564,2,Le fromage était masqué par la verdure.,2024-05-22,101,8
565,3,"L'ensemble était équilibré, je suppose.",2024-06-12,259,8
566,5,"Exceptionnel, je suis comblé.",2024-08-02,9,15
567,4,Presque parfait.,2024-08-10,100,15
568,4,La raclette était parfaitement fondante.,2024-08-14,290,15
569,5,"Magnifique soirée, la tradition honorée.",2024-07-31,119,15
570,5,"Parfait, absolument parfait !",2024-08-03,44,15
571,5,"Magnifique soirée, la tradition honorée.",2024-07-26,163,15
572,3,"Rien d'exceptionnel, mais je suis repu.",2024-08-12,43,15
573,5,Digne des plus grands banquets de notre ordre !,2024-08-10,175,15
574,5,Un chef-d'œuvre de la gastronomie tenrac.,2024-08-08,284,15
575,5,"La raclette coulait à flots, que demander de plus ?",2024-07-31,276,15
576,3,"Pas mémorable, mais pas honteux non plus.",2024-08-10,69,15
577,5,Je serais au paradis si ce repas durait éternellement.,2024-08-05,274,15
578,4,Belle soirée gastronomique.,2024-08-07,70,15
579,4,Un festin de bonne facture.,2024-08-12,248,15
580,1,Ces légumes sont une profanation.,2024-09-01,204,6
581,4,Presque parfait.,2024-08-13,15,6
582,5,"Exceptionnel, je suis comblé.",2024-09-01,132,6
583,2,Je m'attendais à mieux de notre ordre.,2024-08-15,296,6
584,1,Une honte culinaire.,2024-08-26,249,6
585,4,La raclette était parfaitement fondante.,2024-08-25,175,6
586,3,"Pas mémorable, mais pas honteux non plus.",2024-08-17,203,6
587,4,Un repas digne de notre ordre.,2024-08-26,115,6
588,3,Quelques légumes mais ça passe.,2024-08-31,257,6
589,4,La raclette était parfaitement fondante.,2024-09-04,65,6
590,3,Quelques légumes mais ça passe.,2024-09-05,4,6
591,5,"Magnifique soirée, la tradition honorée.",2024-08-25,254,6
592,1,Une honte culinaire.,2024-09-09,176,6
593,5,Je serais au paradis si ce repas durait éternellement.,2024-08-15,300,6
594,5,"Magnifique soirée, la tradition honorée.",2024-08-28,63,6
595,4,"Excellente qualité, je reviens.",2024-08-30,27,6
596,5,"Magnifique soirée, la tradition honorée.",2024-08-24,185,6
597,5,"Magnifique soirée, la tradition honorée.",2024-08-25,236,6
598,5,Je serais au paradis si ce repas durait éternellement.,2024-08-25,186,6
599,2,Je m'attendais à mieux de notre ordre.,2024-09-06,162,6
600,4,Très satisfait de cette soirée.,2024-08-26,184,6
601,4,Les tenders étaient bien croustillants.,2024-08-25,111,6
602,1,Ce repas était une insulte à notre ordre.,2024-08-18,230,6
603,2,Trop de légumes à mon goût.,2024-09-10,99,16
604,3,Quelques légumes mais ça passe.,2024-08-17,93,16
605,2,On peut faire mieux sans légumes.,2024-09-04,196,16
606,2,Le fromage était masqué par la verdure.,2024-08-26,32,16
607,2,Déçu par ce choix culinaire.,2024-08-26,213,16
608,1,"Vraiment décevant, je suis scandalisé.",2024-08-25,193,16
609,5,Ce repas restera dans les annales de l'ordre.,2024-09-12,257,16
610,4,La sauce était remarquable.,2024-08-25,136,16
611,3,La raclette sauvait un peu le tout.,2024-08-22,90,16
612,5,Un chef-d'œuvre de la gastronomie tenrac.,2024-08-30,287,16
613,4,Très satisfait de cette soirée.,2024-09-07,189,16
614,4,Belle soirée gastronomique.,2024-08-28,36,16
615,2,Le fromage était masqué par la verdure.,2024-08-28,152,16
616,1,"Jamais vu ça, des légumes dans un festin de tenrac !",2024-09-03,63,16
617,4,Un repas digne de notre ordre.,2024-09-05,258,16
618,2,Déçu par ce choix culinaire.,2024-09-11,29,16
619,1,Je demande réparation pour ce repas infâme.,2024-08-30,195,16
620,1,"Vraiment décevant, je suis scandalisé.",2024-08-31,27,16
621,4,"Très bon repas, j'ai apprécié.",2024-08-18,199,25
622,4,Un festin de bonne facture.,2024-09-12,153,25
623,3,Correct sans plus.,2024-08-24,56,25
624,3,"Ni bon ni mauvais, dans la moyenne.",2024-08-30,239,25
625,2,Le fromage était masqué par la verdure.,2024-08-24,294,25
626,5,Un chef-d'œuvre de la gastronomie tenrac.,2024-08-24,167,25
627,5,Je serais au paradis si ce repas durait éternellement.,2024-08-16,125,25
628,4,"Très bon repas, j'ai apprécié.",2024-09-15,229,25
629,2,Assez décevant.,2024-09-09,137,25
630,5,Un classique indémodable !,2024-09-09,225,25
631,1,Une honte culinaire.,2024-08-22,289,25
632,5,Ce repas restera dans les annales de l'ordre.,2024-08-20,293,25
633,2,Déçu par ce choix culinaire.,2024-09-06,177,25
634,1,Une honte culinaire.,2024-08-30,128,25
635,4,Presque parfait.,2024-08-21,234,25
636,4,La raclette était parfaitement fondante.,2024-09-09,257,25
637,5,"La raclette coulait à flots, que demander de plus ?",2024-08-19,295,25
638,4,Les tenders étaient bien croustillants.,2024-09-03,141,25
639,4,Un repas digne de notre ordre.,2024-08-28,173,25
640,5,"Exceptionnel, je suis comblé.",2024-08-18,25,25
641,4,Belle soirée gastronomique.,2024-08-19,94,25
642,4,Les tenders étaient bien croustillants.,2024-09-12,64,25
643,4,La raclette était parfaitement fondante.,2024-09-10,11,25
644,5,Un classique indémodable !,2024-08-27,220,25
645,3,La raclette sauvait un peu le tout.,2024-08-18,255,25
646,3,La raclette sauvait un peu le tout.,2024-08-16,68,25
647,5,Je serais au paradis si ce repas durait éternellement.,2024-08-19,245,25
648,3,La raclette sauvait un peu le tout.,2024-09-15,22,7
649,5,Je serais au paradis si ce repas durait éternellement.,2024-09-17,241,7
650,2,On peut faire mieux sans légumes.,2024-09-18,278,7
651,3,Acceptable pour un soir ordinaire.,2024-09-14,73,7
652,5,"Magnifique soirée, la tradition honorée.",2024-09-19,167,7
653,3,"Rien d'exceptionnel, mais je suis repu.",2024-09-21,190,7
654,4,Les tenders étaient bien croustillants.,2024-09-05,114,7
655,5,Le meilleur mélange tenders-raclette jamais goûté.,2024-09-03,238,7
656,5,"Exceptionnel, je suis comblé.",2024-09-19,259,7
657,3,"Pas mémorable, mais pas honteux non plus.",2024-09-16,148,7
658,3,Correct sans plus.,2024-09-10,298,7
659,5,Digne des plus grands banquets de notre ordre !,2024-09-10,8,7
660,2,De l'ananas avec ça ? Une hérésie !,2024-09-05,165,7
661,2,"Médiocre, la tradition n'a pas été respectée.",2024-09-17,198,7
662,5,"Magnifique soirée, la tradition honorée.",2024-08-26,117,7
663,3,"Ni bon ni mauvais, dans la moyenne.",2024-08-28,33,7
664,2,Le fromage était masqué par la verdure.,2024-09-10,130,7
665,4,Belle soirée gastronomique.,2024-09-17,146,7
666,3,"Moyen, comme souvent quand il y a des légumes.",2024-09-09,87,7
667,5,Le meilleur mélange tenders-raclette jamais goûté.,2024-09-04,214,7
668,2,Je m'attendais à mieux de notre ordre.,2024-09-04,184,7
669,4,Presque parfait.,2024-09-10,218,7
670,4,Presque parfait.,2024-09-08,23,7
671,5,"Magnifique soirée, la tradition honorée.",2024-09-05,7,7
672,3,"Moyen, comme souvent quand il y a des légumes.",2024-09-03,255,7
673,2,Je m'attendais à mieux de notre ordre.,2024-09-10,85,4
674,4,Presque parfait.,2024-09-10,102,4
675,4,Un festin de bonne facture.,2024-09-13,24,4
676,2,Déçu par ce choix culinaire.,2024-09-15,138,4
677,4,Très satisfait de cette soirée.,2024-09-26,269,4
678,2,Assez décevant.,2024-10-03,272,4
679,2,Je m'attendais à mieux de notre ordre.,2024-09-18,100,4
680,2,"Pas à la hauteur, les légumes ont pris trop de place.",2024-09-29,156,4
681,3,Acceptable pour un soir ordinaire.,2024-09-08,256,4
682,5,"Magnifique soirée, la tradition honorée.",2024-09-16,240,4
683,4,Un festin de bonne facture.,2024-09-27,115,4
684,5,Je serais au paradis si ce repas durait éternellement.,2024-09-10,145,4
685,5,Ce repas restera dans les annales de l'ordre.,2024-09-16,271,4
686,3,"Moyen, comme souvent quand il y a des légumes.",2024-09-17,48,4
687,2,"Pas à la hauteur, les légumes ont pris trop de place.",2024-09-15,53,4
688,5,Je serais au paradis si ce repas durait éternellement.,2024-09-10,227,4
689,5,Un chef-d'œuvre de la gastronomie tenrac.,2024-09-22,280,4
690,1,"Horrible, les légumes ont tout gâché.",2024-09-11,286,4
691,1,Je demande réparation pour ce repas infâme.,2024-10-07,144,4
692,2,Je m'attendais à mieux de notre ordre.,2024-09-10,267,4
693,4,Un repas digne de notre ordre.,2024-09-26,35,4
694,4,La sauce était remarquable.,2024-09-14,201,4
695,5,Un chef-d'œuvre de la gastronomie tenrac.,2024-09-21,209,4
696,5,"La raclette coulait à flots, que demander de plus ?",2024-10-04,230,4
697,4,Un repas digne de notre ordre.,2024-09-16,57,4
698,4,"Très bon repas, j'ai apprécié.",2024-09-26,31,4
699,5,Le meilleur mélange tenders-raclette jamais goûté.,2024-10-07,222,4
700,5,"Exceptionnel, je suis comblé.",2024-09-15,224,4
701,4,Un festin de bonne facture.,2024-09-14,265,4
702,2,Assez décevant.,2024-10-13,79,20
703,1,Le pire repas de ma vie de tenrac.,2024-10-30,253,20
704,4,Les tenders étaient bien croustillants.,2024-10-09,100,20
705,2,De l'ananas avec ça ? Une hérésie !,2024-10-30,109,20
706,5,Le meilleur mélange tenders-raclette jamais goûté.,2024-10-29,124,20
707,2,De l'ananas avec ça ? Une hérésie !,2024-11-02,20,20
708,5,Ce repas restera dans les annales de l'ordre.,2024-10-29,126,20
709,5,"Exceptionnel, je suis comblé.",2024-10-21,107,20
710,1,Une honte culinaire.,2024-10-28,38,20
711,1,Ce repas était une insulte à notre ordre.,2024-11-03,207,20
712,1,"Horrible, les légumes ont tout gâché.",2024-10-13,14,20
713,5,Ce repas restera dans les annales de l'ordre.,2024-10-31,6,20
714,5,"La raclette coulait à flots, que demander de plus ?",2024-10-22,212,20
715,1,Ce repas était une insulte à notre ordre.,2024-10-30,165,20
716,3,Acceptable pour un soir ordinaire.,2024-10-24,281,20
717,3,"Moyen, comme souvent quand il y a des légumes.",2024-10-10,16,20
718,4,Un repas digne de notre ordre.,2024-10-31,22,20
719,2,De l'ananas avec ça ? Une hérésie !,2024-10-08,127,20
720,1,Je demande réparation pour ce repas infâme.,2024-10-26,224,20
721,5,"La raclette coulait à flots, que demander de plus ?",2025-03-23,96,5
722,1,"Inacceptable, les légumes n'ont pas leur place ici.",2025-03-20,156,5
723,3,"Moyen, comme souvent quand il y a des légumes.",2025-04-03,58,5
724,2,"Médiocre, la tradition n'a pas été respectée.",2025-03-18,145,5
725,4,"Excellente qualité, je reviens.",2025-03-07,167,5
726,3,"Rien d'exceptionnel, mais je suis repu.",2025-03-15,109,5
727,2,Assez décevant.,2025-04-01,264,5
728,2,Le fromage était masqué par la verdure.,2025-03-27,14,5
729,3,"Rien d'exceptionnel, mais je suis repu.",2025-03-31,186,5
730,5,Un classique indémodable !,2025-03-19,79,5
731,1,Ce repas était une insulte à notre ordre.,2025-03-15,239,5
732,1,"Vraiment décevant, je suis scandalisé.",2025-04-01,116,5
733,3,Correct sans plus.,2025-03-26,213,5
734,5,Je serais au paradis si ce repas durait éternellement.,2025-03-18,114,5
735,1,Ces légumes sont une profanation.,2025-03-16,262,5
736,4,"Excellente qualité, je reviens.",2025-03-25,223,5
737,3,Correct sans plus.,2025-03-11,201,5
738,2,On peut faire mieux sans légumes.,2025-04-03,287,5
739,4,"Excellente qualité, je reviens.",2025-03-11,200,15
740,1,Je demande réparation pour ce repas infâme.,2025-04-02,40,15
741,3,Quelques légumes mais ça passe.,2025-03-17,255,15
742,5,"Magnifique soirée, la tradition honorée.",2025-03-21,22,15
743,2,Assez décevant.,2025-03-22,147,15
744,5,Digne des plus grands banquets de notre ordre !,2025-03-23,72,15
745,5,"La raclette coulait à flots, que demander de plus ?",2025-03-24,244,15
746,5,Un chef-d'œuvre de la gastronomie tenrac.,2025-04-03,55,15
747,4,"Excellente qualité, je reviens.",2025-03-15,65,15
748,4,Un festin de bonne facture.,2025-03-20,63,15
749,3,"Pas mémorable, mais pas honteux non plus.",2025-03-24,236,15
750,5,Digne des plus grands banquets de notre ordre !,2025-04-04,181,15
751,2,Le fromage était masqué par la verdure.,2025-03-18,283,15
752,5,"Magnifique soirée, la tradition honorée.",2025-03-16,9,15
753,5,"La raclette coulait à flots, que demander de plus ?",2025-03-31,228,15
754,2,"Médiocre, la tradition n'a pas été respectée.",2025-06-19,181,16
755,5,Je serais au paradis si ce repas durait éternellement.,2025-06-28,148,16
756,1,Ces légumes sont une profanation.,2025-06-16,186,16
757,2,Les légumes ont ruiné l'équilibre du plat.,2025-06-25,110,16
758,3,"Moyen, comme souvent quand il y a des légumes.",2025-06-30,200,16
759,2,Je m'attendais à mieux de notre ordre.,2025-06-23,25,16
760,2,Le fromage était masqué par la verdure.,2025-06-08,55,16
761,5,Un chef-d'œuvre de la gastronomie tenrac.,2025-06-02,261,16
762,2,Déçu par ce choix culinaire.,2025-06-23,49,16
763,5,Un chef-d'œuvre de la gastronomie tenrac.,2025-06-13,167,16
764,5,Digne des plus grands banquets de notre ordre !,2025-06-16,43,16
765,5,Digne des plus grands banquets de notre ordre !,2025-06-17,106,16
766,5,"Parfait, absolument parfait !",2025-06-28,197,16
767,1,Le pire repas de ma vie de tenrac.,2025-06-04,93,16
768,3,"Moyen, comme souvent quand il y a des légumes.",2025-06-01,215,16
769,4,Un repas digne de notre ordre.,2025-06-28,65,16
770,4,Un festin de bonne facture.,2025-06-03,244,16
771,3,Acceptable pour un soir ordinaire.,2025-06-11,72,16
772,4,Un repas digne de notre ordre.,2025-06-21,3,16
773,1,"Jamais vu ça, des légumes dans un festin de tenrac !",2025-06-28,84,16
774,4,Très satisfait de cette soirée.,2025-06-13,45,16
775,5,Je serais au paradis si ce repas durait éternellement.,2025-06-28,170,16
776,3,"Pas mémorable, mais pas honteux non plus.",2025-06-03,17,16
777,2,De l'ananas avec ça ? Une hérésie !,2025-06-08,51,16
778,4,Un repas digne de notre ordre.,2025-06-04,75,16
779,5,Le meilleur mélange tenders-raclette jamais goûté.,2025-07-26,235,21
780,2,De l'ananas avec ça ? Une hérésie !,2025-08-09,103,21
781,1,"Jamais vu ça, des légumes dans un festin de tenrac !",2025-08-06,208,21
782,1,"Jamais vu ça, des légumes dans un festin de tenrac !",2025-07-23,31,21
783,3,"Ni bon ni mauvais, dans la moyenne.",2025-07-28,29,21
784,3,Quelques légumes mais ça passe.,2025-07-17,78,21
785,2,"Médiocre, la tradition n'a pas été respectée.",2025-08-08,59,21
786,3,"Ni bon ni mauvais, dans la moyenne.",2025-07-27,237,21
787,5,Digne des plus grands banquets de notre ordre !,2025-07-19,47,21
788,3,Acceptable pour un soir ordinaire.,2025-07-26,69,21
789,2,"Pas à la hauteur, les légumes ont pris trop de place.",2025-08-09,22,21
790,5,"La raclette coulait à flots, que demander de plus ?",2025-08-02,184,21
791,3,Un repas convenable mais sans éclat.,2025-07-26,106,21
792,5,Ce repas restera dans les annales de l'ordre.,2025-07-21,123,21
793,4,Un repas digne de notre ordre.,2025-08-19,221,11
794,2,De l'ananas avec ça ? Une hérésie !,2025-08-03,175,11
795,5,Je serais au paradis si ce repas durait éternellement.,2025-07-31,74,11
796,2,"Médiocre, la tradition n'a pas été respectée.",2025-08-08,46,11
797,4,Les tenders étaient bien croustillants.,2025-07-28,5,11
798,5,Un chef-d'œuvre de la gastronomie tenrac.,2025-08-05,150,11
799,1,"Horrible, les légumes ont tout gâché.",2025-08-26,168,11
800,4,"Excellente qualité, je reviens.",2025-08-23,206,11
801,5,"La raclette coulait à flots, que demander de plus ?",2025-08-21,177,11
802,5,Ce repas restera dans les annales de l'ordre.,2025-08-22,118,11
803,3,"Ni bon ni mauvais, dans la moyenne.",2025-08-16,32,11
804,2,On peut faire mieux sans légumes.,2025-08-17,30,11
805,1,"Horrible, les légumes ont tout gâché.",2025-08-06,282,11
806,5,Un classique indémodable !,2025-08-15,34,11
807,3,Quelques légumes mais ça passe.,2025-07-30,57,11
808,5,"Parfait, absolument parfait !",2025-08-20,128,11
809,3,"Ni bon ni mauvais, dans la moyenne.",2025-08-31,121,6
810,5,"Parfait, absolument parfait !",2025-09-12,65,6
811,3,Acceptable pour un soir ordinaire.,2025-09-22,286,6
812,2,Déçu par ce choix culinaire.,2025-09-26,279,6
813,5,"Parfait, absolument parfait !",2025-09-21,135,6
814,1,Je n'aurais pas dû venir.,2025-08-31,285,6
815,5,"Exceptionnel, je suis comblé.",2025-09-23,189,6
816,4,Un repas digne de notre ordre.,2025-09-26,190,6
817,5,"Magnifique soirée, la tradition honorée.",2025-09-07,67,6
818,1,"Vraiment décevant, je suis scandalisé.",2025-08-27,214,6
819,2,Assez décevant.,2025-09-10,18,6
820,3,Acceptable pour un soir ordinaire.,2025-09-14,149,6
821,3,La raclette sauvait un peu le tout.,2025-08-30,180,6
822,4,"Excellente qualité, je reviens.",2025-08-27,161,6
823,4,Très satisfait de cette soirée.,2025-09-06,2,6
824,5,"Exceptionnel, je suis comblé.",2025-09-16,260,6
825,1,Le pire repas de ma vie de tenrac.,2025-10-07,151,18
826,4,Un repas digne de notre ordre.,2025-09-11,41,18
827,1,"Horrible, les légumes ont tout gâché.",2025-09-17,194,18
828,5,Le meilleur mélange tenders-raclette jamais goûté.,2025-09-11,95,18
829,2,Les légumes ont ruiné l'équilibre du plat.,2025-09-12,167,18
830,3,La raclette sauvait un peu le tout.,2025-09-29,54,18
831,5,"Magnifique soirée, la tradition honorée.",2025-09-21,274,18
832,4,Un festin de bonne facture.,2025-10-06,102,18
833,3,Un repas convenable mais sans éclat.,2025-11-11,37,11
834,3,"Rien d'exceptionnel, mais je suis repu.",2025-11-15,99,11
835,5,Un classique indémodable !,2025-11-07,106,11
836,3,"Moyen, comme souvent quand il y a des légumes.",2025-10-30,219,11
837,5,"Parfait, absolument parfait !",2025-10-19,247,11
838,5,"Parfait, absolument parfait !",2025-11-02,146,11
839,5,"Parfait, absolument parfait !",2025-10-17,284,11
840,3,"Ni bon ni mauvais, dans la moyenne.",2025-11-15,279,11
841,1,Le pire repas de ma vie de tenrac.,2025-10-18,84,11
842,4,La sauce était remarquable.,2025-10-16,199,11
843,1,"Jamais vu ça, des légumes dans un festin de tenrac !",2025-10-23,14,11
844,5,Ce repas restera dans les annales de l'ordre.,2025-10-22,134,11
845,1,Ces légumes sont une profanation.,2025-10-22,16,11
846,4,Belle soirée gastronomique.,2025-10-26,83,11
847,5,Ce repas restera dans les annales de l'ordre.,2025-10-16,188,11
848,2,On peut faire mieux sans légumes.,2025-10-20,95,11
849,3,Quelques légumes mais ça passe.,2025-10-19,52,11
850,4,"Très bon repas, j'ai apprécié.",2025-10-20,70,11
851,1,Une honte culinaire.,2025-11-03,139,11
852,2,On peut faire mieux sans légumes.,2025-11-04,185,24
853,1,"Vraiment décevant, je suis scandalisé.",2025-11-12,30,24
854,1,Je n'aurais pas dû venir.,2025-11-11,131,24
855,3,La raclette sauvait un peu le tout.,2025-11-12,67,24
856,4,"Excellente qualité, je reviens.",2025-11-12,130,24
857,2,"Médiocre, la tradition n'a pas été respectée.",2025-10-28,211,24
858,4,Très satisfait de cette soirée.,2025-11-05,48,24
859,3,Correct sans plus.,2025-10-28,134,24
860,5,Un chef-d'œuvre de la gastronomie tenrac.,2025-11-09,266,24
861,4,"Excellente qualité, je reviens.",2025-11-18,62,24
862,5,Le meilleur mélange tenders-raclette jamais goûté.,2025-12-21,274,17
863,1,Je demande réparation pour ce repas infâme.,2025-11-27,62,17
864,1,Ce repas était une insulte à notre ordre.,2025-12-12,169,17
865,4,Très satisfait de cette soirée.,2025-12-15,147,17
866,2,"Médiocre, la tradition n'a pas été respectée.",2025-12-09,158,17
867,2,Les légumes ont ruiné l'équilibre du plat.,2025-12-12,226,17
868,3,Un repas convenable mais sans éclat.,2025-12-20,121,17
869,4,Très satisfait de cette soirée.,2025-12-16,3,17
870,5,Un chef-d'œuvre de la gastronomie tenrac.,2025-12-07,48,17
871,5,Un chef-d'œuvre de la gastronomie tenrac.,2025-12-03,52,17
872,5,Un chef-d'œuvre de la gastronomie tenrac.,2025-12-06,199,17
873,4,Presque parfait.,2025-12-06,184,17
874,2,De l'ananas avec ça ? Une hérésie !,2025-12-04,93,17
875,5,Je serais au paradis si ce repas durait éternellement.,2025-11-25,68,17
876,1,Je n'aurais pas dû venir.,2025-11-25,1,17
877,3,La raclette sauvait un peu le tout.,2025-12-18,108,17
878,1,"Horrible, les légumes ont tout gâché.",2025-12-11,123,17
879,5,"Magnifique soirée, la tradition honorée.",2025-12-03,214,17
880,4,Un repas digne de notre ordre.,2025-12-04,67,17
881,5,Un chef-d'œuvre de la gastronomie tenrac.,2025-12-20,43,17
882,5,Un classique indémodable !,2025-12-23,90,17
883,2,De l'ananas avec ça ? Une hérésie !,2025-12-04,275,17
884,1,Ces légumes sont une profanation.,2025-11-29,137,17
885,2,Déçu par ce choix culinaire.,2025-11-30,216,17
886,5,"Parfait, absolument parfait !",2025-12-20,87,17
887,4,La raclette était parfaitement fondante.,2025-12-17,200,17
888,2,Je m'attendais à mieux de notre ordre.,2025-12-18,157,17
889,3,"L'ensemble était équilibré, je suppose.",2025-12-17,34,17
890,5,Ce repas restera dans les annales de l'ordre.,2026-01-09,292,24
891,4,"Très bon repas, j'ai apprécié.",2026-01-07,202,24
892,5,"La raclette coulait à flots, que demander de plus ?",2025-12-19,137,24
893,2,De l'ananas avec ça ? Une hérésie !,2026-01-17,28,24
894,2,"Pas à la hauteur, les légumes ont pris trop de place.",2025-12-24,279,24
895,5,Ce repas restera dans les annales de l'ordre.,2026-01-09,97,24
896,3,Quelques légumes mais ça passe.,2026-01-11,159,24
897,4,"Très bon repas, j'ai apprécié.",2025-12-21,160,24
898,4,Belle soirée gastronomique.,2026-01-15,281,4
899,3,La raclette sauvait un peu le tout.,2026-01-08,174,4
900,3,La raclette sauvait un peu le tout.,2026-01-27,12,4
901,5,Ce repas restera dans les annales de l'ordre.,2026-01-05,75,4
902,5,Digne des plus grands banquets de notre ordre !,2026-01-08,158,4
903,5,Un classique indémodable !,2026-01-24,146,4
904,1,Le pire repas de ma vie de tenrac.,2026-01-24,103,4
905,3,"Pas mémorable, mais pas honteux non plus.",2026-01-17,219,4
906,3,"Ni bon ni mauvais, dans la moyenne.",2026-01-27,109,4
907,3,La raclette sauvait un peu le tout.,2026-01-16,255,4
908,1,Je demande réparation pour ce repas infâme.,2026-01-18,24,4
909,3,Acceptable pour un soir ordinaire.,2026-01-04,217,4
910,2,"Médiocre, la tradition n'a pas été respectée.",2026-01-04,34,4
911,1,Ce repas était une insulte à notre ordre.,2026-02-02,79,4
912,2,On peut faire mieux sans légumes.,2026-01-27,88,4
913,2,Trop de légumes à mon goût.,2026-01-06,25,4
914,1,"Vraiment décevant, je suis scandalisé.",2026-01-08,282,4
915,1,Ces légumes sont une profanation.,2026-01-25,114,4
916,2,Les légumes ont ruiné l'équilibre du plat.,2026-01-29,33,4
917,4,Presque parfait.,2026-01-05,230,4
918,3,Correct sans plus.,2026-01-16,297,4
919,1,Je n'aurais pas dû venir.,2026-01-30,98,4
920,2,Le fromage était masqué par la verdure.,2026-01-21,206,4
921,3,"Rien d'exceptionnel, mais je suis repu.",2026-01-12,223,4
922,1,"Horrible, les légumes ont tout gâché.",2026-02-02,274,4
923,2,"Médiocre, la tradition n'a pas été respectée.",2026-01-17,187,4
924,5,"Parfait, absolument parfait !",2026-01-05,39,4
925,3,Un repas convenable mais sans éclat.,2026-01-31,46,20
926,3,"Rien d'exceptionnel, mais je suis repu.",2026-02-09,225,20
927,1,Ce repas était une insulte à notre ordre.,2026-02-16,22,20
928,2,Trop de légumes à mon goût.,2026-02-17,274,20
929,2,Les légumes ont ruiné l'équilibre du plat.,2026-02-13,160,20
930,1,Ces légumes sont une profanation.,2026-01-30,16,20
931,5,"Parfait, absolument parfait !",2026-02-04,107,20
932,4,Un festin de bonne facture.,2026-01-31,19,20
933,1,Ce repas était une insulte à notre ordre.,2026-01-30,80,20
934,2,On peut faire mieux sans légumes.,2026-02-17,269,20
935,5,Le meilleur mélange tenders-raclette jamais goûté.,2026-01-29,51,20
936,5,Je serais au paradis si ce repas durait éternellement.,2026-02-07,26,20
937,5,Ce repas restera dans les annales de l'ordre.,2026-02-07,211,20
938,4,La sauce était remarquable.,2026-02-13,242,20
939,4,La sauce était remarquable.,2026-02-03,197,20
940,5,"Parfait, absolument parfait !",2026-02-01,94,5
941,3,"Moyen, comme souvent quand il y a des légumes.",2026-02-11,220,5
942,4,Les tenders étaient bien croustillants.,2026-02-15,54,5
943,1,Ces légumes sont une profanation.,2026-01-30,45,5
944,2,Déçu par ce choix culinaire.,2026-01-29,23,5
945,1,Ce repas était une insulte à notre ordre.,2026-01-30,111,5
946,4,La raclette était parfaitement fondante.,2026-02-16,78,5
947,4,Un repas digne de notre ordre.,2026-02-11,70,5
948,4,"Très bon repas, j'ai apprécié.",2026-02-11,299,5
949,5,Ce repas restera dans les annales de l'ordre.,2026-02-17,155,5
950,2,"Médiocre, la tradition n'a pas été respectée.",2026-02-12,187,5
951,3,Correct sans plus.,2026-02-11,262,5
952,1,"Jamais vu ça, des légumes dans un festin de tenrac !",2026-02-19,216,5
953,1,"Inacceptable, les légumes n'ont pas leur place ici.",2026-01-29,135,5
954,2,Déçu par ce choix culinaire.,2026-02-11,146,5
955,3,"Pas mémorable, mais pas honteux non plus.",2026-02-02,211,5
956,3,Acceptable pour un soir ordinaire.,2026-02-09,95,5
957,3,La raclette sauvait un peu le tout.,2026-02-18,274,5
958,5,"Parfait, absolument parfait !",2026-01-31,282,15
959,4,Très satisfait de cette soirée.,2026-02-19,47,15
960,4,Les tenders étaient bien croustillants.,2026-02-21,2,15
961,5,Ce repas restera dans les annales de l'ordre.,2026-02-25,298,15
962,3,Un repas convenable mais sans éclat.,2026-02-16,74,15
963,5,"Parfait, absolument parfait !",2026-02-07,52,15
964,5,Un chef-d'œuvre de la gastronomie tenrac.,2026-02-02,233,15
965,5,Le meilleur mélange tenders-raclette jamais goûté.,2026-02-07,127,15
966,5,"Parfait, absolument parfait !",2026-02-24,283,15
967,3,"L'ensemble était équilibré, je suppose.",2026-01-31,246,15
968,5,Un chef-d'œuvre de la gastronomie tenrac.,2026-02-14,16,15
969,4,Presque parfait.,2026-02-07,191,15
970,3,"Ni bon ni mauvais, dans la moyenne.",2026-02-08,152,15
971,5,Je serais au paradis si ce repas durait éternellement.,2026-02-04,239,15
972,3,Quelques légumes mais ça passe.,2026-02-02,192,15
973,2,Assez décevant.,2026-02-14,146,15
974,5,"Magnifique soirée, la tradition honorée.",2026-01-30,276,15
975,5,Ce repas restera dans les annales de l'ordre.,2026-02-02,289,15
976,5,Digne des plus grands banquets de notre ordre !,2026-02-03,174,15
977,3,"Pas mémorable, mais pas honteux non plus.",2026-02-23,102,15
978,5,Je serais au paradis si ce repas durait éternellement.,2026-01-30,87,15
979,4,Belle soirée gastronomique.,2026-02-12,21,15
980,5,Je serais au paradis si ce repas durait éternellement.,2026-02-05,27,15
981,4,Les tenders étaient bien croustillants.,2026-02-28,300,15
982,5,Je serais au paradis si ce repas durait éternellement.,2026-03-14,252,24
983,5,"Parfait, absolument parfait !",2026-03-07,191,24
984,5,Je serais au paradis si ce repas durait éternellement.,2026-02-28,216,24
985,5,Un chef-d'œuvre de la gastronomie tenrac.,2026-03-02,91,24
986,3,Quelques légumes mais ça passe.,2026-03-12,54,24
987,2,"Médiocre, la tradition n'a pas été respectée.",2026-02-18,38,24
988,5,Un classique indémodable !,2026-03-06,119,24
989,3,La raclette sauvait un peu le tout.,2026-03-03,294,24
990,5,"Magnifique soirée, la tradition honorée.",2026-03-13,197,24
991,1,Je n'aurais pas dû venir.,2026-03-10,70,24
992,2,Déçu par ce choix culinaire.,2026-03-14,260,24
993,3,"Rien d'exceptionnel, mais je suis repu.",2026-02-16,51,24
994,5,"Exceptionnel, je suis comblé.",2026-03-23,270,16
995,3,La raclette sauvait un peu le tout.,2026-03-26,119,16
996,1,"Horrible, les légumes ont tout gâché.",2026-03-09,269,16
997,3,"Ni bon ni mauvais, dans la moyenne.",2026-03-09,255,16
998,5,"Parfait, absolument parfait !",2026-03-04,172,16
999,1,Je n'aurais pas dû venir.,2026-03-23,162,16
1000,4,Presque parfait.,2026-03-22,214,16
1001,1,"Horrible, les légumes ont tout gâché.",2026-03-06,137,16
1002,5,Je serais au paradis si ce repas durait éternellement.,2026-03-19,173,16
1003,5,Je serais au paradis si ce repas durait éternellement.,2026-03-11,247,16
1004,4,La raclette était parfaitement fondante.,2026-02-25,91,16
1005,2,On peut faire mieux sans légumes.,2026-03-14,121,16
1006,5,Ce repas restera dans les annales de l'ordre.,2026-03-13,53,16
1007,3,Acceptable pour un soir ordinaire.,2026-03-04,28,16
1008,2,"Pas à la hauteur, les légumes ont pris trop de place.",2026-03-04,265,16
1009,3,"Pas mémorable, mais pas honteux non plus.",2026-03-11,74,16
1010,1,Le pire repas de ma vie de tenrac.,2026-03-16,189,16
1011,3,"L'ensemble était équilibré, je suppose.",2026-03-15,21,16
1012,2,On peut faire mieux sans légumes.,2026-03-06,72,16
1013,3,"Pas mémorable, mais pas honteux non plus.",2026-03-08,76,16
1014,2,Le fromage était masqué par la verdure.,2026-03-02,86,16
1015,4,La raclette était parfaitement fondante.,2026-03-13,205,16
1016,5,Le meilleur mélange tenders-raclette jamais goûté.,2026-03-27,92,16
1017,3,"L'ensemble était équilibré, je suppose.",2026-03-22,286,16
1018,5,"Magnifique soirée, la tradition honorée.",2026-03-20,94,19
1019,3,"Moyen, comme souvent quand il y a des légumes.",2026-03-21,249,19
1020,4,Presque parfait.,2026-03-28,257,19
1021,4,Presque parfait.,2026-04-14,241,19
1022,1,Une honte culinaire.,2026-04-12,80,19
1023,4,La raclette était parfaitement fondante.,2026-04-13,142,19
1024,4,Presque parfait.,2026-03-24,180,19
1025,1,Ces légumes sont une profanation.,2026-03-30,259,19
1026,5,Digne des plus grands banquets de notre ordre !,2026-04-15,225,19
1027,5,Je serais au paradis si ce repas durait éternellement.,2026-04-11,116,19
1028,3,Quelques légumes mais ça passe.,2026-04-14,35,19
1029,1,Le pire repas de ma vie de tenrac.,2026-03-21,219,19
1030,2,"Pas à la hauteur, les légumes ont pris trop de place.",2026-04-14,242,19
1031,2,"Pas à la hauteur, les légumes ont pris trop de place.",2026-03-30,203,19
