487,17,Une tuerie les tenders sont super croustillants !,2025-05-04,5
2707,7,Bonne alliance entre le saumon et le fromage.,2024-12-02,5
209,1,Rejet total : présence de brocolis non signalée.,2024-01-26,1
2876,25,L'essence même de l'Ordre dans un plat.,2024-12-24,3
1296,15,Le fromage fumé fait toute la différence.,2024-08-11,5
529,21,Un peu trop gras pour une réunion secrète.,2025-11-12,4
592,6,L'ananas apporte une fraîcheur surprenante.,2024-09-25,3
1998,5,Plat généreux mais présentation à revoir.,2026-02-22,1
1945,7,Parfait pour célébrer un nouveau grade.,2025-07-02,4
1913,10,Une raclette digne des plus grands chevaliers...,2025-08-11,5
546,6,Les tenders étaient d'une tendreté transcendante...,2025-01-02,5
2342,5,Repas exceptionnel. Le fromage fondait...,2025-10-28,5
12,1,Le banquet de l'Ordre Suprême...,2025-10-28,5
610,4,Dégustations sublimes. Les chevaliers ont honoré...,2024-09-17,5
944,21,La lame chauffante a fait des merveilles...,2025-10-04,5
1882,8,La Cène du Coulant Éternel porte bien son nom...,2024-07-10,5
1056,19,Les porte-spatules ont assuré avec maestria...,2024-04-03,5
2896,13,La nuit du fromage interminable...,2025-11-02,5
98,1,Souper des initiés réussi à merveille...,2025-10-28,5
1251,4,Communion parfaite autour du tender béni...,2024-12-31,5
1803,16,La croûte dorée méritait amplement son nom...,2026-03-21,5
157,3,Grand Conclave réussi haut la main...,2024-03-13,5
499,12,"Raclette somptueuse, tenders parfaitement frits...",2025-06-28,5
2837,8,Impossible de trouver le moindre défaut...,2024-04-15,5
2111,5,Très bon repas dans l'ensemble...,2025-06-18,4
356,4,"Banquet de qualité, le fromage était excellent...",2024-10-09,4
839,8,"Belle dégustation, les chevaliers ont bien travaillé...",2024-06-20,4
566,6,"Bon repas, la lampe chauffait bien...",2024-03-16,4
502,10,"Très bonne cène, l'ambiance mystique...",2025-08-04,4
2377,21,Bon festin des porte-spatules...,2025-09-17,4
1305,21,"Souper réussi, les initiés ont bien honoré...",2026-03-16,4
2873,19,Bonne communion autour du tender...,2024-10-17,4
248,3,Festin de la croûte dorée bien réussi...,2024-03-13,4
1200,25,Grand conclave plaisant...,2025-04-03,4
2509,25,Bonne raclette traditionnelle...,2026-02-07,4
115,8,Festin du tender réussi...,2024-07-24,4
1440,20,Raclette des ombres bien mystérieuse...,2024-05-06,4
2790,22,Banquet honorable...,2025-08-17,4
949,18,Repas correct sans être mémorable...,2026-03-01,3
100,24,Soirée moyenne. La lampe chauffante...,2024-07-28,3
1450,17,Cène décevante. L'ambiance mystique...,2025-06-15,3
486,15,Festin moyen. Les porte-spatules...,2025-05-14,3
45,19,Nuit fromagère sans grand relief...,2025-01-27,3
175,17,Souper passable. Le gril mystique...,2025-02-07,3
2038,22,Communion tendue. Quelques désaccords...,2024-04-11,3
34,1,La croûte n'était pas aussi dorée...,2025-10-28,3
1669,21,Conclave moyen. Le fil fondu s'est cassé...,2026-03-03,3
1505,2,Raclette traditionnelle trop traditionnelle...,2024-02-27,3
200,10,Tender correct mais sauce secrète...,2025-07-21,3
288,1,Raclette des ombres trop éclairée...,2024-01-26,3
20,1,Banquet trop long et pas assez garni...,2024-01-26,3
785,5,Soirée décevante. La lampe à raclette...,2025-01-26,2
1935,9,Cène ratée. Le fromage était trop épais...,2025-06-01,2
219,1,Festin des porte-spatules très décevant...,2025-10-28,2
1686,17,Nuit fromagère cauchemardesque...,2024-08-01,2
1854,21,Souper raté. Le gril mystique a rendu l'âme...,2024-09-28,2
1898,24,Communion avortée. La machine est tombée...,2026-01-13,2
1288,15,La croûte n'était pas dorée mais carbonisée...,2026-01-14,2
532,10,Grand conclave raté. Le fil s'est cassé...,2025-10-28,2
1264,21,Raclette immanquable. Fromage froid...,2025-03-04,1
2998,24,Festin catastrophique. Les tenders sentaient...,2024-06-08,1
1355,5,Raclette des ombres : les ombres ont tout mangé...,2025-08-15,1
1511,5,Banquet indigne de l'Ordre...,2024-10-04,1
1029,16,Pire dégustation de ma vie de Tenrac...,2025-07-25,1
89,6,Soirée honteuse. La lampe ardente...,2025-12-07,1
221,3,Cène du coulant éternel : rien n'a coulé...,2024-03-13,1
2974,22,Les porte-spatules ont porté des spatules...,2025-05-26,1
352,25,"Raclette divine, fromage coulant...",2024-09-29,5
484,15,Un festin digne des plus hauts grades...,2025-08-31,5
720,7,"Fromage d'exception, tenders bénis...",2024-09-13,5
1722,21,La lampe à raclette ronronnait comme jamais...,2026-03-19,5
717,6,Festin exceptionnel. Chaque plat était une ode...,2024-11-26,5
277,4,Les tenders étaient d'une tendreté transcendante...,2024-09-20,5
200,24,"Raclette somptueuse, ambiance feutrée...",2024-06-09,5
1126,8,Soirée parfaite de bout en bout...,2024-03-15,5
2190,13,Le Grand Chancelier lui-même aurait applaudi...,2024-12-03,5
24,1,Les porte-spatules ont assuré avec maestria...,2025-10-28,5
443,9,"Fromage coulant, tenders croustillants...",2025-12-25,5
2636,13,Dégustations sublimes. Les chevaliers...,2025-02-06,5
2155,8,La nuit du fromage interminable...,2024-07-09,5
954,4,Communion parfaite autour du tender béni...,2026-01-11,5
1065,16,Les Frères de la Lampe Ardente ont brillé...,2024-10-02,5
1671,23,La croûte dorée méritait amplement son nom...,2026-03-02,5
877,2,Grand conclave réussi haut la main...,2025-04-14,5
659,9,Raclette traditionnelle sublimée...,2025-07-01,5
2749,19,Impossible de trouver le moindre défaut...,2024-04-20,5
1092,9,Chaque bouchée de tender nappé de raclette...,2025-12-12,5
515,15,La sauce secrète de l'Ordre restera gravée...,2025-08-10,5
2914,21,"Organisation parfaite, fromage d'excellence...",2024-12-05,5
2199,7,Le Maître d'entretien avait bien préparé...,2025-03-02,5
2242,24,Soirée de haute tenue. Fromage affiné...,2026-03-02,5
1040,2,"On a raclé, on a fondu, on a savouré...",2025-03-09,5
2235,8,Festin royal. Le Grand Chevalier...,2024-05-25,5
1446,5,La raclette des ombres portait bien son nom...,2025-05-13,5
1111,2,Banquet de l'Ordre à la hauteur...,2026-01-14,5
290,6,Repas exceptionnel servi avec solennité...,2025-09-07,5
1772,17,Le cercle des fondus tranquilles...,2024-06-08,5
165,11,Les gardiens de la plaque chauffante...,2025-11-04,5
216,9,Les veilleurs de la croûte méritent leur titre...,2025-11-30,5
1173,9,Le phalanstère du bon fondu n'a pas menti...,2026-03-08,5
1041,12,La brigade fromagère de l'ombre...,2025-08-23,5
857,19,Le cénacle des fromagers errants...,2024-05-26,5
2767,9,La loge hermétique du bon fromage...,2026-02-27,5
559,9,Les apôtres du coulant mystérieux...,2026-01-11,5
1104,19,La commanderie de la plaque ardente...,2026-03-23,5
1416,2,Le conclave des chevaliers racleurs...,2026-03-06,5
39,1,Les disciples de la lampe sacrée...,2025-10-28,5
2320,9,La citadelle du tender immuable...,2026-01-20,5
56,1,Festin décevant. Les chevaliers...,2024-01-26,2
241,3,Réunion bâclée. L'adresse secrète était bien...,2024-03-13,2
797,17,Repas raté. Organisation chaotique...,2025-06-28,2
485,8,Soirée décevante. Le mystère de l'adresse...,2024-08-26,2
53,2,Les légumes ont pris trop de place.,2024-02-26,2
23,2,"Raclette fondante, tenders croustillants.",2024-01-30,4
48,2,"Rien d'exceptionnel, mais je suis repu.",2024-02-06,3
73,24,Les tenders compensaient le reste.,2024-02-28,3
65,24,Correct sans être mémorable.,2024-02-18,3
11,24,Le meilleur mélange tenders-raclette jamais goûté.,2024-02-22,5
150,24,"Ni bon ni mauvais, dans la moyenne.",2024-02-01,3
221,24,Déçu par ce choix culinaire.,2024-02-24,2
294,24,Ce repas restera dans les annales de l'ordre.,2024-02-02,5
245,24,Je n'aurais pas dû venir.,2024-02-27,1
136,24,Presque parfait.,2024-02-12,4
241,24,Ces légumes sont une profanation.,2024-02-14,1
19,24,Inacceptable pour l'Ordre.,2024-02-05,1
157,24,"Bon festin, ambiance au rendez-vous.",2024-02-11,4
176,24,La tradition honorée avec brio.,2024-02-21,4
268,24,Les tenders étaient excellents ce soir.,2024-02-22,4
248,24,"Ni bon ni mauvais, dans la moyenne.",2024-02-19,3
106,24,Acceptable pour un soir ordinaire.,2024-02-17,3
270,24,Je n'aurais pas dû venir.,2024-02-05,1
290,24,"Bof, rien d'exceptionnel.",2024-02-12,2
162,24,La raclette sauvait un peu le tout.,2024-02-29,3
7,24,La raclette coulait avec une grâce infinie.,2024-02-07,5
204,24,"Bon festin, ambiance au rendez-vous.",2024-02-26,4
263,24,Une honte culinaire.,2024-02-07,1
223,24,"Très bon repas, la raclette était généreuse.",2024-02-25,4
276,24,Correct sans être mémorable.,2024-02-12,3
249,24,La raclette sauvait un peu le tout.,2024-02-02,3
267,24,La tradition honorée avec brio.,2024-02-29,4
215,24,Vive l'Ordre et vive le fromage !,2024-02-28,5
192,24,"Exceptionnel, je suis comblé.",2024-02-06,5
262,24,"Bof, rien d'exceptionnel.",2024-02-12,2
17,24,"Pas mémorable, mais pas honteux non plus.",2024-02-04,3
93,24,Les tenders étaient excellents ce soir.,2024-02-04,4
250,16,Le meilleur mélange tenders-raclette jamais goûté.,2024-02-25,5
135,16,"Rien d'exceptionnel, mais je suis repu.",2024-02-19,3
88,16,La raclette sauvait un peu le tout.,2024-02-25,3
172,16,La tradition n'était pas respectée.,2024-02-15,2
173,16,La tradition n'était pas respectée.,2024-02-14,2
284,16,"Exceptionnel, je suis comblé.",2024-02-09,5
201,16,Digne des plus grands banquets de notre ordre !,2024-02-18,5
38,16,"Pas mémorable, mais pas honteux non plus.",2024-02-04,3
234,16,"Parfait, absolument parfait !",2024-02-29,5
199,16,Presque parfait.,2024-02-06,4
294,16,Pas à la hauteur des attentes.,2024-02-27,2
9,19,"Raclette fondante, tenders croustillants.",2024-04-18,4
97,19,Je serais au paradis si ce repas durait éternellement.,2024-04-11,5
46,19,"L'ensemble était équilibré, je suppose.",2024-04-18,3
187,19,Presque parfait.,2024-04-15,5
7,19,Ces légumes sont une profanation.,2024-04-16,1
181,19,"Parfait, absolument parfait !",2024-04-20,5
118,19,Presque parfait.,2024-04-20,4
208,19,"Rien d'exceptionnel, mais je suis repu.",2024-04-23,3
273,19,La raclette sauvait un peu le tout.,2024-04-23,3
257,19,Inacceptable pour l'Ordre.,2024-04-02,1
31,19,La raclette sauvait un peu le tout.,2024-04-12,3
148,19,"Belle soirée, le fromage coulait bien.",2024-04-13,4
254,19,"Parfait, absolument parfait !",2024-04-29,5
120,19,La raclette sauvait un peu le tout.,2024-04-15,3
279,19,Pas à la hauteur des attentes.,2024-04-15,2
248,19,"Ni bon ni mauvais, dans la moyenne.",2024-04-26,3
91,19,Ce repas restera dans les annales de l'ordre.,2024-04-25,5
79,19,Très bonne soirée dans l'ensemble.,2024-04-18,4
275,19,Quelques légumes mais ça passe.,2024-04-03,3
194,12,"Bon festin, ambiance au rendez-vous.",2024-04-29,4
237,12,"Belle soirée, le fromage coulait bien.",2024-04-22,4
23,12,La raclette coulait avec une grâce infinie.,2024-05-04,5
6,12,"Décevant, on peut faire mieux.",2024-04-24,2
69,12,Correct sans être mémorable.,2024-04-20,3
234,12,"Moyen, comme souvent quand il y a des légumes.",2024-04-08,3
99,12,Inacceptable pour l'Ordre.,2024-05-03,1
11,12,Les tenders étaient excellents ce soir.,2024-04-12,4
132,12,"Très bon repas, la raclette était généreuse.",2024-04-12,4
181,12,Les tenders compensaient le reste.,2024-05-05,3
140,12,"Ni bon ni mauvais, dans la moyenne.",2024-04-07,3
223,12,Un désastre fromager.,2024-05-01,1
216,12,"Ni bon ni mauvais, dans la moyenne.",2024-04-29,3
1,12,"Rien d'exceptionnel, mais je suis repu.",2024-04-29,3
56,12,Pas à la hauteur des attentes.,2024-04-09,2
33,12,"Pas mémorable, mais pas honteux non plus.",2024-05-05,3
262,12,Très bonne soirée dans l'ensemble.,2024-04-10,4
182,12,Ce repas restera dans les annales de l'ordre.,2024-04-21,5
46,12,"Digne de notre Ordre, bravo.",2024-04-18,4
43,12,La tradition honorée avec brio.,2024-05-04,4
222,12,"Rien d'exceptionnel, mais je suis repu.",2024-04-29,3
5,12,Je n'aurais pas dû venir.,2024-04-27,1
275,12,La raclette sauvait un peu le tout.,2024-04-17,3
38,17,Correct sans être mémorable.,2024-04-28,3
280,17,La raclette coulait avec une grâce infinie.,2024-04-28,5
207,17,"Ni bon ni mauvais, dans la moyenne.",2024-04-21,3
15,17,La tradition honorée avec brio.,2024-04-16,4
166,17,"Bon festin, ambiance au rendez-vous.",2024-04-14,4
135,17,La tradition n'était pas respectée.,2024-05-01,2
242,17,Le meilleur mélange tenders-raclette jamais goûté.,2024-05-02,5
17,17,Le meilleur mélange tenders-raclette jamais goûté.,2024-04-14,5
288,17,Presque parfait.,2024-05-06,4
172,17,"Décevant, on peut faire mieux.",2024-04-21,2
213,17,Je serais au paradis si ce repas durait éternellement.,2024-05-12,5
179,17,Une honte culinaire.,2024-05-11,1
13,17,"Bon festin, ambiance au rendez-vous.",2024-04-16,4
84,17,La raclette coulait avec une grâce infinie.,2024-04-21,5
215,17,Le fromage était masqué par la verdure.,2024-05-05,2
33,17,"Bof, rien d'exceptionnel.",2024-04-20,2
74,17,"Rien d'exceptionnel, mais je suis repu.",2024-04-18,3
191,17,Les tenders compensaient le reste.,2024-05-02,3
121,17,Un désastre fromager.,2024-04-21,1
41,17,"Pas mémorable, mais pas honteux non plus.",2024-05-09,3
30,17,Trop peu de raclette pour compenser.,2024-04-20,2
199,24,Je serais au paradis si ce repas durait éternellement.,2024-04-27,5
75,24,Trop peu de raclette pour compenser.,2024-05-05,2
189,24,"Magnifique soirée, la tradition honorée.",2024-05-07,5
274,24,"Bof, rien d'exceptionnel.",2024-05-21,2
173,24,"Moyen, comme souvent quand il y a des légumes.",2024-05-15,3
265,24,Je serais au paradis si ce repas durait éternellement.,2024-04-25,5
62,24,Trop peu de raclette pour compenser.,2024-05-17,2
86,24,"Bon festin, ambiance au rendez-vous.",2024-05-19,4
198,24,Je serais au paradis si ce repas durait éternellement.,2024-05-01,5
222,24,Je n'aurais pas dû venir.,2024-04-30,1
32,24,Très bonne soirée dans l'ensemble.,2024-05-08,4
70,24,"Belle soirée, le fromage coulait bien.",2024-05-07,4
233,24,Digne des plus grands banquets de notre ordre !,2024-05-02,5
179,24,Un désastre fromager.,2024-05-01,1
231,24,Le pire repas de ma vie de tenrac.,2024-05-08,1
156,24,Très bonne soirée dans l'ensemble.,2024-04-27,4
220,24,"Très bon repas, la raclette était généreuse.",2024-05-14,4
15,24,Très bonne soirée dans l'ensemble.,2024-05-20,4
82,24,"Très bon repas, la raclette était généreuse.",2024-04-26,4
167,8,Déçu par ce choix culinaire.,2024-05-27,2
265,8,"Raclette fondante, tenders croustillants.",2024-06-06,4
264,8,La raclette était parfaitement fondante.,2024-05-28,4
285,8,Trop peu de raclette pour compenser.,2024-06-19,2
71,8,"Parfait, absolument parfait !",2024-05-27,5
176,8,"Raclette fondante, tenders croustillants.",2024-05-22,4
257,8,Trop peu de raclette pour compenser.,2024-05-30,2
54,8,La raclette était parfaitement fondante.,2024-05-31,4
280,8,Trop peu de raclette pour compenser.,2024-06-13,2
189,8,Très bonne soirée dans l'ensemble.,2024-06-12,4
116,8,Presque parfait.,2024-05-26,5
292,8,Déçu par ce choix culinaire.,2024-05-31,2
175,8,Le meilleur mélange tenders-raclette jamais goûté.,2024-06-21,5
48,8,"Très bon repas, la raclette était généreuse.",2024-06-09,4
140,8,La raclette coulait avec une grâce infinie.,2024-05-23,5
260,8,"Exceptionnel, je suis comblé.",2024-05-23,5
125,8,"Moyen, comme souvent quand il y a des légumes.",2024-06-09,3
105,8,"Bof, rien d'exceptionnel.",2024-06-07,2
165,8,Manquait cruellement de fromage.,2024-05-27,2
136,8,"Décevant, on peut faire mieux.",2024-06-21,2
204,8,"Rien d'exceptionnel, mais je suis repu.",2024-05-24,3
23,8,"Belle soirée, le fromage coulait bien.",2024-05-24,4
42,8,"Digne de notre Ordre, bravo.",2024-05-24,4
101,8,Le meilleur mélange tenders-raclette jamais goûté.,2024-06-03,5
259,8,Presque parfait.,2024-06-21,4
9,15,Vive l'Ordre et vive le fromage !,2024-07-29,5
100,15,"Digne de notre Ordre, bravo.",2024-08-10,4
138,15,"Parfait, absolument parfait !",2024-08-10,5
290,15,Je serais au paradis si ce repas durait éternellement.,2024-08-04,5
119,15,Les tenders compensaient le reste.,2024-08-09,3
44,15,"Rien d'exceptionnel, mais je suis repu.",2024-08-01,3
163,15,Ce repas restera dans les annales de l'ordre.,2024-07-28,5
43,15,"Bon festin, ambiance au rendez-vous.",2024-07-29,4
175,15,Ce repas restera dans les annales de l'ordre.,2024-08-03,5
284,15,Digne des plus grands banquets de notre ordre !,2024-08-12,5
276,15,Les tenders étaient excellents ce soir.,2024-08-05,4
69,15,Correct sans être mémorable.,2024-08-20,3
274,15,Les légumes ont pris trop de place.,2024-07-22,2
70,15,La raclette était parfaitement fondante.,2024-08-10,4
248,15,Vive l'Ordre et vive le fromage !,2024-07-25,5
204,6,Presque parfait.,2024-08-28,4
15,6,Je n'aurais pas dû venir.,2024-08-27,1
132,6,Les tenders étaient excellents ce soir.,2024-08-15,4
296,6,"Bon festin, ambiance au rendez-vous.",2024-09-08,4
249,6,"Ni bon ni mauvais, dans la moyenne.",2024-09-08,3
175,6,La tradition honorée avec brio.,2024-08-22,4
203,6,La raclette sauvait un peu le tout.,2024-08-16,3
115,6,"Bof, rien d'exceptionnel.",2024-09-06,2
257,6,Très bonne soirée dans l'ensemble.,2024-09-02,4
65,6,Les tenders étaient excellents ce soir.,2024-08-30,4
4,6,La raclette coulait avec une grâce infinie.,2024-08-11,5
254,6,La raclette coulait avec une grâce infinie.,2024-08-20,5
176,6,Le pire repas de ma vie de tenrac.,2024-09-10,1
300,6,Acceptable pour un soir ordinaire.,2024-08-19,3
63,6,Presque parfait.,2024-09-08,4
27,6,Presque parfait.,2024-09-03,4
185,6,La raclette coulait avec une grâce infinie.,2024-08-15,5
236,6,Ce repas restera dans les annales de l'ordre.,2024-08-20,5
186,6,"Digne de notre Ordre, bravo.",2024-08-17,4
216,6,"Exceptionnel, je suis comblé.",2024-08-17,5
162,6,Ce repas restera dans les annales de l'ordre.,2024-08-27,5
184,6,Presque parfait.,2024-08-19,5
111,6,"Moyen, comme souvent quand il y a des légumes.",2024-08-13,3
230,6,"Magnifique soirée, la tradition honorée.",2024-09-06,5
99,16,Le fromage était masqué par la verdure.,2024-08-14,2
93,16,"Moyen, comme souvent quand il y a des légumes.",2024-08-23,3
196,16,Acceptable pour un soir ordinaire.,2024-09-02,3
32,16,La raclette sauvait un peu le tout.,2024-08-18,3
213,16,Presque parfait.,2024-08-30,5
193,16,La raclette était froide et insipide.,2024-08-30,1
257,16,"Très bon repas, la raclette était généreuse.",2024-08-16,4
136,16,Le pire repas de ma vie de tenrac.,2024-09-12,1
90,16,Acceptable pour un soir ordinaire.,2024-08-30,3
287,16,"Parfait, absolument parfait !",2024-09-08,5
189,16,Correct sans être mémorable.,2024-08-31,3
36,16,Manquait cruellement de fromage.,2024-08-17,2
152,16,Trop peu de raclette pour compenser.,2024-08-17,2
63,16,"Très bon repas, la raclette était généreuse.",2024-08-22,4
258,16,Correct sans être mémorable.,2024-09-10,3
165,16,"Très bon repas, la raclette était généreuse.",2024-09-10,4
29,16,"Bon festin, ambiance au rendez-vous.",2024-08-19,4
195,16,Déçu par ce choix culinaire.,2024-09-03,2
27,16,Je serais au paradis si ce repas durait éternellement.,2024-08-24,5
199,25,La raclette coulait avec une grâce infinie.,2024-09-13,5
153,25,La raclette était froide et insipide.,2024-09-04,1
56,25,"Belle soirée, le fromage coulait bien.",2024-09-14,4
239,25,Déçu par ce choix culinaire.,2024-09-12,2
294,25,Digne des plus grands banquets de notre ordre !,2024-09-10,5
167,25,Pas à la hauteur des attentes.,2024-09-13,2
125,25,"L'ensemble était équilibré, je suppose.",2024-08-16,3
229,25,"Belle soirée, le fromage coulait bien.",2024-09-08,4
137,25,"Exceptionnel, je suis comblé.",2024-09-10,5
225,25,Trop peu de raclette pour compenser.,2024-09-10,2
289,25,Quelques légumes mais ça passe.,2024-08-24,3
293,25,Acceptable pour un soir ordinaire.,2024-09-10,3
177,25,"Ni bon ni mauvais, dans la moyenne.",2024-08-28,3
128,25,"Parfait, absolument parfait !",2024-09-12,5
234,25,La raclette était parfaitement fondante.,2024-08-23,4
257,25,Je n'aurais pas dû venir.,2024-09-11,1
295,25,Presque parfait.,2024-08-27,5
141,25,Ce repas restera dans les annales de l'ordre.,2024-09-11,5
173,25,Le meilleur mélange tenders-raclette jamais goûté.,2024-08-23,5
25,25,Une honte culinaire.,2024-09-06,1
94,25,Quelques légumes mais ça passe.,2024-08-28,3
64,25,"Exceptionnel, je suis comblé.",2024-08-24,5
11,25,Les légumes ont pris trop de place.,2024-09-15,2
220,25,Les tenders étaient excellents ce soir.,2024-08-27,4
255,25,Très bonne soirée dans l'ensemble.,2024-08-28,4
68,25,Manquait cruellement de fromage.,2024-08-26,2
245,25,"Moyen, comme souvent quand il y a des légumes.",2024-08-19,3
22,7,Ces légumes sont une profanation.,2024-08-31,1
241,7,La tradition n'était pas respectée.,2024-09-25,2
278,7,La raclette sauvait un peu le tout.,2024-08-27,3
73,7,Le pire repas de ma vie de tenrac.,2024-09-14,1
167,7,"Magnifique soirée, la tradition honorée.",2024-09-06,5
190,7,Inacceptable pour l'Ordre.,2024-09-08,1
114,7,Les tenders compensaient le reste.,2024-09-11,3
17,7,Presque parfait.,2024-09-07,4
238,7,Vive l'Ordre et vive le fromage !,2024-09-01,5
259,7,Le fromage était masqué par la verdure.,2024-08-27,2
148,7,"Magnifique soirée, la tradition honorée.",2024-08-26,5
8,7,Très bonne soirée dans l'ensemble.,2024-09-24,4
165,7,Manquait cruellement de fromage.,2024-09-16,2
198,7,La tradition honorée avec brio.,2024-09-06,4
117,7,"Raclette fondante, tenders croustillants.",2024-08-28,4
33,7,On peut faire mieux sans légumes.,2024-09-14,2
130,7,Correct sans être mémorable.,2024-09-16,3
146,7,"Ni bon ni mauvais, dans la moyenne.",2024-09-18,3
87,7,Les tenders étaient excellents ce soir.,2024-09-11,4
214,7,Les tenders étaient excellents ce soir.,2024-09-16,4
184,7,"Magnifique soirée, la tradition honorée.",2024-09-05,5
218,7,Trop peu de raclette pour compenser.,2024-09-17,2
23,7,Ce repas restera dans les annales de l'ordre.,2024-09-12,5
7,7,"Horrible, les légumes ont tout gâché.",2024-09-01,1
255,7,"L'ensemble était équilibré, je suppose.",2024-09-16,3
85,4,"Raclette fondante, tenders croustillants.",2024-09-28,4
102,4,"Belle soirée, le fromage coulait bien.",2024-09-26,4
24,4,Les tenders compensaient le reste.,2024-09-16,3
138,4,"L'ensemble était équilibré, je suppose.",2024-09-24,3
269,4,"Moyen, comme souvent quand il y a des légumes.",2024-09-16,3
272,4,Le fromage était masqué par la verdure.,2024-09-13,2
100,4,"Magnifique soirée, la tradition honorée.",2024-10-02,5
156,4,"Digne de notre Ordre, bravo.",2024-09-26,4
256,4,On peut faire mieux sans légumes.,2024-09-21,2
240,4,Presque parfait.,2024-09-21,5
115,4,La tradition honorée avec brio.,2024-09-23,4
145,4,Presque parfait.,2024-10-02,5
271,4,"Belle soirée, le fromage coulait bien.",2024-09-28,4
48,4,Les légumes ont pris trop de place.,2024-09-16,2
53,4,Manquait cruellement de fromage.,2024-09-28,2
227,4,"Digne de notre Ordre, bravo.",2024-09-17,4
280,4,Presque parfait.,2024-10-03,4
286,4,Quelques légumes mais ça passe.,2024-09-28,3
144,4,La raclette sauvait un peu le tout.,2024-09-14,3
267,4,Le meilleur mélange tenders-raclette jamais goûté.,2024-09-11,5
35,4,"Moyen, comme souvent quand il y a des légumes.",2024-09-08,3
201,4,La tradition honorée avec brio.,2024-09-22,4
230,4,"Digne de notre Ordre, bravo.",2024-10-04,4
57,4,"Ni bon ni mauvais, dans la moyenne.",2024-09-21,3
31,4,"Magnifique soirée, la tradition honorée.",2024-10-05,5
292,4,Vive l'Ordre et vive le fromage !,2024-09-13,5
222,4,"Magnifique soirée, la tradition honorée.",2024-09-22,5
224,4,"Magnifique soirée, la tradition honorée.",2024-09-14,5
265,4,Acceptable pour un soir ordinaire.,2024-09-27,3
79,20,"Très bon repas, la raclette était généreuse.",2024-11-05,4
253,20,"Ni bon ni mauvais, dans la moyenne.",2024-11-01,3
69,20,"Raclette fondante, tenders croustillants.",2024-10-15,4
100,20,Acceptable pour un soir ordinaire.,2024-11-02,3
109,20,Très bonne soirée dans l'ensemble.,2024-10-22,4
124,20,"Très bon repas, la raclette était généreuse.",2024-10-25,4
20,20,Déçu par ce choix culinaire.,2024-11-06,2
126,20,Je serais au paradis si ce repas durait éternellement.,2024-10-22,5
107,20,Pas à la hauteur des attentes.,2024-11-02,2
38,20,Un désastre fromager.,2024-10-29,1
207,20,La raclette coulait avec une grâce infinie.,2024-10-25,5
14,20,Vive l'Ordre et vive le fromage !,2024-10-18,5
6,20,La raclette était parfaitement fondante.,2024-10-27,4
212,20,La raclette coulait avec une grâce infinie.,2024-10-21,5
165,20,"Rien d'exceptionnel, mais je suis repu.",2024-10-22,3
281,20,Pas à la hauteur des attentes.,2024-10-31,2
16,20,La raclette était parfaitement fondante.,2024-10-22,4
22,20,Le fromage était masqué par la verdure.,2024-11-01,2
127,20,Le meilleur mélange tenders-raclette jamais goûté.,2024-11-03,5
224,20,La raclette sauvait un peu le tout.,2024-11-01,3
96,5,Manquait cruellement de fromage.,2025-03-20,2
156,5,Quelques légumes mais ça passe.,2025-03-13,3
58,5,La raclette était parfaitement fondante.,2025-03-07,4
145,5,Le fromage était masqué par la verdure.,2025-03-12,2
167,5,Le fromage était masqué par la verdure.,2025-03-15,2
109,5,"Bon festin, ambiance au rendez-vous.",2025-04-02,4
264,5,Très bonne soirée dans l'ensemble.,2025-03-07,4
14,5,Acceptable pour un soir ordinaire.,2025-03-09,3
186,5,Quelques légumes mais ça passe.,2025-03-17,3
79,5,"Belle soirée, le fromage coulait bien.",2025-03-27,4
239,5,Je n'aurais pas dû venir.,2025-03-07,1
116,5,La raclette était froide et insipide.,2025-03-18,1
213,5,On peut faire mieux sans légumes.,2025-03-22,2
114,5,La raclette était parfaitement fondante.,2025-03-18,4
262,5,"Très bon repas, la raclette était généreuse.",2025-03-11,4
223,5,"Magnifique soirée, la tradition honorée.",2025-03-17,5
201,5,Vive l'Ordre et vive le fromage !,2025-04-04,5
287,5,"Moyen, comme souvent quand il y a des légumes.",2025-04-01,3
200,15,"Digne de notre Ordre, bravo.",2025-03-20,4
40,15,"Pas mémorable, mais pas honteux non plus.",2025-03-08,3
255,15,"Bon festin, ambiance au rendez-vous.",2025-03-17,4
22,15,"Raclette fondante, tenders croustillants.",2025-04-04,4
147,15,"Raclette fondante, tenders croustillants.",2025-03-25,4
72,15,"Rien d'exceptionnel, mais je suis repu.",2025-04-02,3
244,15,Vive l'Ordre et vive le fromage !,2025-04-05,5
55,15,Le meilleur mélange tenders-raclette jamais goûté.,2025-03-23,5
65,15,La tradition honorée avec brio.,2025-03-16,4
63,15,"Raclette fondante, tenders croustillants.",2025-03-23,4
236,15,"Parfait, absolument parfait !",2025-03-20,5
181,15,"Bon festin, ambiance au rendez-vous.",2025-03-29,4
283,15,"Raclette fondante, tenders croustillants.",2025-03-31,4
228,15,"Belle soirée, le fromage coulait bien.",2025-04-03,4
181,16,"Pas mémorable, mais pas honteux non plus.",2025-06-30,3
148,16,Pas à la hauteur des attentes.,2025-06-20,2
186,16,"Rien d'exceptionnel, mais je suis repu.",2025-06-01,3
110,16,"Raclette fondante, tenders croustillants.",2025-06-19,4
200,16,Vive l'Ordre et vive le fromage !,2025-06-22,5
25,16,"Parfait, absolument parfait !",2025-06-03,5
55,16,"Magnifique soirée, la tradition honorée.",2025-06-05,5
261,16,"Bof, rien d'exceptionnel.",2025-06-06,2
49,16,"Parfait, absolument parfait !",2025-06-09,5
167,16,"Raclette fondante, tenders croustillants.",2025-06-11,4
43,16,Le meilleur mélange tenders-raclette jamais goûté.,2025-06-15,5
106,16,Correct sans être mémorable.,2025-06-11,3
197,16,Trop peu de raclette pour compenser.,2025-06-09,2
215,16,Trop peu de raclette pour compenser.,2025-06-09,2
65,16,Le pire repas de ma vie de tenrac.,2025-06-16,1
244,16,"Moyen, comme souvent quand il y a des légumes.",2025-06-24,3
72,16,Manquait cruellement de fromage.,2025-06-02,2
3,16,"Bon festin, ambiance au rendez-vous.",2025-06-08,4
84,16,Presque parfait.,2025-06-25,4
45,16,"Parfait, absolument parfait !",2025-06-25,5
248,8,Conclave raté. Le Chevalier présidant...,2024-06-30,2
2863,22,Festin en dessous de tout. La machine...,2024-05-25,2
1028,24,Soirée gâchée. Le fromage n'était pas...,2026-01-23,2
556,11,Repas raté. La sauce secrète était...,2024-10-16,2
148,20,Réunion décevante. Organisation défaillante...,2026-01-26,2
2437,7,Festin bâclé. On attendait un repas tenracien...,2025-06-22,2
812,19,Soirée ratée. La lampe chauffait...,2024-06-08,2
251,24,Repas décevant. Le Grand Chevalier distrait...,2024-06-16,2
2115,8,Conclave raté. Le fil fondu ne s'est pas formé...,2024-11-14,2
25,1,Festin médiocre. Les porte-spatules...,2025-10-28,2
2870,13,Soirée en dessous des attentes...,2025-07-16,2
2991,14,Repas raté. La machine non entretenue...,2024-09-24,2
849,15,Réunion décevante. L'ambiance mystique...,2024-10-23,2
2928,16,Festin bâclé. On sentait la précipitation...,2025-08-10,2
833,18,Festin des porte-spatules décevant...,2025-10-10,2
229,8,Nuit fromagère cauchemardesque...,2024-10-04,2
1118,4,Souper raté. Le gril mystique a rendu l'âme...,2024-10-30,2
26,14,Communion avortée. La machine en panne...,2024-05-08,2
490,21,La croûte était carbonisée. Tenders brûlés...,2026-01-01,2
2947,7,Repas bâclé. On sentait le manque...,2025-07-14,2
2689,17,Soirée ratée. La lampe chauffait trop fort...,2026-02-09,2
1711,25,Festin décevant. Les chevaliers...,2024-08-29,2
245,3,Repas raté. Organisation chaotique...,2024-03-13,2
1586,13,Festin en dessous de tout. La machine...,2025-01-10,2
1016,19,Soirée gâchée. Le fromage sans qualité...,2025-02-16,2
2049,21,Réunion décevante. Organisation défaillante...,2026-03-01,2
223,1,Festin bâclé. On attendait un repas tenracien...,2025-10-28,2
1828,13,Soirée ratée. La lampe chauffait mal...,2025-07-02,2
1166,15,Repas décevant. Le Grand Chevalier distrait...,2025-10-09,2
1371,21,Conclave raté. Le fil fondu ne s'est pas formé...,2026-03-01,2
75,1,Raclette des ombres : les ombres ont tout mangé...,2025-10-28,1
735,22,Banquet indigne. Fromage avarié...,2025-08-19,1
82,18,Lampe ardente n'ardait pas. Fromage industriel...,2026-02-11,1
11,8,La cène du coulant éternel : rien n'a coulé...,2024-05-24,1
73,3,Les porte-spatules ont porté des spatules...,2024-03-13,1
247,6,Honte à l'organisateur. Fromage avarié...,2024-05-18,1
197,8,Soirée catastrophique. Le Grand Maître...,2024-05-26,1
691,22,Désastre total. Rien n'était prêt...,2025-05-21,1
224,5,Repas honteux. La sauce secrète avait tourné...,2026-02-25,1
190,13,Catastrophe tenracienne. Fromage mauvais...,2024-12-31,1
963,5,Soirée honteuse. Fromage industriel...,2026-03-01,1
1483,19,Le pire repas de ma vie de tenrac.,2024-05-31,1
2365,7,Belle soirée gastronomique.,2025-07-30,4
2175,7,"Moyen, comme souvent quand il y a des légumes.",2024-08-27,3
243,7,Le meilleur mélange tenders-raclette...,2024-07-20,5
116,7,Je m'attendais à mieux de notre ordre.,2024-10-31,2
312,7,Presque parfait.,2025-04-01,4
298,7,Presque parfait.,2025-08-09,4
2659,4,Je m'attendais à mieux de notre ordre.,2026-03-07,2
797,4,Presque parfait.,2026-01-18,4
353,4,Un festin de bonne facture.,2024-06-28,4
209,4,Très satisfait de cette soirée.,2025-02-12,4
2322,4,Je m'attendais à mieux de notre ordre.,2024-09-04,2
1893,4,"Pas à la hauteur, les légumes...",2025-02-09,2
2781,4,Acceptable pour un soir ordinaire.,2026-01-26,3
2788,4,"Magnifique soirée, la tradition honorée.",2025-01-29,5
175,4,Je serais au paradis si ce repas durait...,2026-02-27,5
281,4,"Pas à la hauteur, les légumes...",2024-11-16,2
669,4,Je serais au paradis si ce repas durait...,2025-03-04,5
1330,4,Un chef-d'œuvre de la gastronomie tenrac.,2024-10-20,5
2878,4,Je m'attendais à mieux de notre ordre.,2024-07-09,2
509,4,Un repas digne de notre ordre.,2024-12-06,4
2203,4,La sauce était remarquable.,2024-10-03,4
743,4,Un repas digne de notre ordre.,2026-01-15,4
191,4,"Très bon repas, j'ai apprécié.",2024-07-04,4
1008,4,"Exceptionnel, je suis comblé.",2024-11-03,5
2743,20,Le pire repas de ma vie de tenrac.,2026-03-04,1
1808,20,Les tenders étaient bien croustillants.,2026-03-16,4
1038,20,De l'ananas avec ça ? Une hérésie !,2026-02-02,2
1362,20,Le meilleur mélange tenders-raclette...,2026-03-17,5
2015,20,De l'ananas avec ça ? Une hérésie !,2026-02-19,2
329,20,"Exceptionnel, je suis comblé.",2024-09-02,5
2024,20,Une honte culinaire.,2024-09-11,1
2473,20,La raclette coulait à flots...,2024-08-13,5
1349,20,Ce repas était une insulte à notre ordre.,2024-09-22,1
1774,20,Acceptable pour un soir ordinaire.,2026-03-20,3
1898,20,Un repas digne de notre ordre.,2025-04-06,4
2842,20,De l'ananas avec ça ? Une hérésie !,2024-12-08,2
2768,20,Je demande réparation pour ce repas infâme.,2026-01-25,1
2087,5,La raclette coulait à flots...,2026-03-24,5
1421,5,"Inacceptable, les légumes n'ont pas leur place.",2025-06-06,1
1092,5,"Moyen, comme souvent quand il y a des légumes.",2025-11-13,3
2898,5,"Médiocre, la tradition n'a pas été respectée.",2025-03-21,2
482,5,"Rien d'exceptionnel, mais je suis repu.",2025-05-20,3
1920,5,Assez décevant.,2025-11-15,2
2074,5,Le fromage était masqué par la verdure.,2024-10-30,2
1975,5,Un classique indémodable !,2026-02-01,5
374,5,"Vraiment décevant, je suis scandalisé.",2025-06-10,1
1685,5,Correct sans plus.,2025-08-31,3
2555,5,Je serais au paradis si ce repas durait...,2024-12-02,5
548,5,Ces légumes sont une profanation.,2025-09-01,1
1411,5,On peut faire mieux sans légumes.,2026-01-30,2
138,6,Presque parfait.,2024-01-26,4
45,6,La raclette sauvait un peu le tout.,2024-02-02,3
209,6,La tradition honorée avec brio.,2024-01-30,4
137,6,Je serais au paradis si ce repas durait éternellement.,2024-02-16,5
56,6,"Rien d'exceptionnel, mais je suis repu.",2024-01-28,3
20,6,Les tenders compensaient le reste.,2024-02-08,3
195,6,"Parfait, absolument parfait !",2024-01-26,5
275,6,Presque parfait.,2024-02-01,4
288,6,Quelques légumes mais ça passe.,2024-02-11,3
171,6,"Digne de notre Ordre, bravo.",2024-01-26,4
27,2,"Rien d'exceptionnel, mais je suis repu.",2024-02-03,3
82,2,"Rien d'exceptionnel, mais je suis repu.",2024-02-10,3
70,2,La tradition honorée avec brio.,2024-02-11,4
173,2,La sauce ne sauvait rien.,2024-02-05,1
288,2,Une honte culinaire.,2024-02-21,1
171,2,Acceptable pour un soir ordinaire.,2024-02-19,3
126,2,Trop peu de raclette pour compenser.,2024-02-07,2
84,2,Les tenders étaient excellents ce soir.,2024-02-01,4
1,2,Déçu par ce choix culinaire.,2024-02-27,2
224,2,Inacceptable pour l'Ordre.,2024-01-31,1
45,2,Je serais au paradis si ce repas durait éternellement.,2024-02-09,5
194,2,"Ni bon ni mauvais, dans la moyenne.",2024-02-08,3
36,2,Correct sans être mémorable.,2024-02-16,3
4,2,Le fromage était masqué par la verdure.,2024-02-22,2
162,2,"Décevant, on peut faire mieux.",2024-02-20,2
230,2,La raclette était parfaitement fondante.,2024-02-14,4
170,16,"Parfait, absolument parfait !",2025-07-01,5
17,16,Quelques légumes mais ça passe.,2025-06-07,3
51,16,"Décevant, on peut faire mieux.",2025-06-20,2
75,16,Digne des plus grands banquets de notre ordre !,2025-06-08,5
235,21,Pas à la hauteur des attentes.,2025-07-27,2
221,21,Je serais au paradis si ce repas durait éternellement.,2025-07-30,5
103,21,Le meilleur mélange tenders-raclette jamais goûté.,2025-07-26,5
208,21,La raclette sauvait un peu le tout.,2025-08-05,3
31,21,Inacceptable pour l'Ordre.,2025-07-17,1
29,21,Vive l'Ordre et vive le fromage !,2025-07-31,5
78,21,"Ni bon ni mauvais, dans la moyenne.",2025-08-05,3
59,21,Digne des plus grands banquets de notre ordre !,2025-08-11,5
237,21,Ces légumes sont une profanation.,2025-07-15,1
47,21,La tradition n'était pas respectée.,2025-07-12,2
69,21,Les tenders étaient excellents ce soir.,2025-07-30,4
22,21,"L'ensemble était équilibré, je suppose.",2025-07-24,3
184,21,Quelques légumes mais ça passe.,2025-07-14,3
226,21,"Digne de notre Ordre, bravo.",2025-08-03,4
106,21,Déçu par ce choix culinaire.,2025-07-15,2
123,21,La raclette sauvait un peu le tout.,2025-08-08,3
221,11,"Digne de notre Ordre, bravo.",2025-08-22,4
175,11,Presque parfait.,2025-08-22,4
74,11,"Digne de notre Ordre, bravo.",2025-08-22,4
46,11,"Décevant, on peut faire mieux.",2025-08-08,2
5,11,Indigne de notre tradition.,2025-08-10,1
150,11,"Exceptionnel, je suis comblé.",2025-07-30,5
168,11,Très bonne soirée dans l'ensemble.,2025-08-17,4
206,11,On peut faire mieux sans légumes.,2025-07-28,2
177,11,"Magnifique soirée, la tradition honorée.",2025-08-23,5
118,11,La raclette était parfaitement fondante.,2025-07-31,4
32,11,"Magnifique soirée, la tradition honorée.",2025-08-27,5
30,11,Correct sans être mémorable.,2025-08-17,3
282,11,Presque parfait.,2025-08-19,5
34,11,Digne des plus grands banquets de notre ordre !,2025-08-10,5
57,11,Acceptable pour un soir ordinaire.,2025-08-20,3
128,11,La raclette coulait avec une grâce infinie.,2025-08-27,5
121,6,Les tenders étaient excellents ce soir.,2025-09-15,4
286,6,La raclette coulait avec une grâce infinie.,2025-09-20,5
1,6,"Bof, rien d'exceptionnel.",2025-09-10,2
279,6,"Raclette fondante, tenders croustillants.",2025-09-22,4
135,6,Vive l'Ordre et vive le fromage !,2025-09-04,5
285,6,Inacceptable pour l'Ordre.,2025-09-23,1
189,6,Déçu par ce choix culinaire.,2025-09-22,2
190,6,Le pire repas de ma vie de tenrac.,2025-09-04,1
67,6,"Pas mémorable, mais pas honteux non plus.",2025-09-03,3
214,6,Presque parfait.,2025-09-14,5
18,6,Vive l'Ordre et vive le fromage !,2025-09-17,5
149,6,"L'ensemble était équilibré, je suppose.",2025-09-06,3
180,6,"Parfait, absolument parfait !",2025-09-11,5
161,6,On peut faire mieux sans légumes.,2025-09-01,2
2,6,"Bof, rien d'exceptionnel.",2025-09-02,2
260,6,Correct sans être mémorable.,2025-09-21,3
151,18,Les tenders étaient excellents ce soir.,2025-09-18,4
41,18,La raclette sauvait un peu le tout.,2025-10-06,3
194,18,La sauce ne sauvait rien.,2025-09-30,1
95,18,La raclette sauvait un peu le tout.,2025-09-25,3
167,18,Une honte culinaire.,2025-09-24,1
228,18,Le meilleur mélange tenders-raclette jamais goûté.,2025-09-10,5
54,18,La tradition honorée avec brio.,2025-10-01,4
274,18,Trop peu de raclette pour compenser.,2025-09-23,2
102,18,"Rien d'exceptionnel, mais je suis repu.",2025-10-02,3
37,11,Déçu par ce choix culinaire.,2025-11-07,2
99,11,"Pas mémorable, mais pas honteux non plus.",2025-11-05,3
106,11,Presque parfait.,2025-10-30,5
184,11,"Décevant, on peut faire mieux.",2025-10-18,2
219,11,Les tenders étaient excellents ce soir.,2025-10-23,4
247,11,"L'ensemble était équilibré, je suppose.",2025-11-07,3
146,11,Déçu par ce choix culinaire.,2025-10-25,2
284,11,Les tenders compensaient le reste.,2025-10-27,3
279,11,"Bof, rien d'exceptionnel.",2025-11-02,2
84,11,Manquait cruellement de fromage.,2025-10-27,2
199,11,Trop peu de raclette pour compenser.,2025-11-08,2
14,11,La raclette coulait avec une grâce infinie.,2025-10-26,5
134,11,Correct sans être mémorable.,2025-11-07,3
16,11,"Pas mémorable, mais pas honteux non plus.",2025-10-24,3
83,11,Les tenders étaient excellents ce soir.,2025-10-24,4
188,11,La tradition honorée avec brio.,2025-10-19,4
95,11,Quelques légumes mais ça passe.,2025-10-26,3
52,11,Je serais au paradis si ce repas durait éternellement.,2025-11-08,5
70,11,Très bonne soirée dans l'ensemble.,2025-11-15,4
139,11,Acceptable pour un soir ordinaire.,2025-10-22,3
63,11,Quelques légumes mais ça passe.,2025-11-08,3
185,24,"Pas mémorable, mais pas honteux non plus.",2025-11-04,3
30,24,La sauce ne sauvait rien.,2025-11-20,1
131,24,Indigne de notre tradition.,2025-11-15,1
67,24,Ce repas restera dans les annales de l'ordre.,2025-10-30,5
130,24,Le meilleur mélange tenders-raclette jamais goûté.,2025-11-05,5
211,24,Quelques légumes mais ça passe.,2025-11-07,3
48,24,"Belle soirée, le fromage coulait bien.",2025-11-05,4
134,24,"Très bon repas, la raclette était généreuse.",2025-11-18,4
266,24,La raclette coulait avec une grâce infinie.,2025-10-31,5
284,24,Ce repas restera dans les annales de l'ordre.,2025-10-28,5
274,17,"Moyen, comme souvent quand il y a des légumes.",2025-12-10,3
62,17,Le fromage était masqué par la verdure.,2025-12-15,2
169,17,"Horrible, les légumes ont tout gâché.",2025-12-13,1
147,17,La raclette était parfaitement fondante.,2025-11-26,4
158,17,"Décevant, on peut faire mieux.",2025-12-11,2
226,17,Ces légumes sont une profanation.,2025-12-08,1
3,17,"Pas mémorable, mais pas honteux non plus.",2025-12-07,3
48,17,On peut faire mieux sans légumes.,2025-11-28,2
58,17,"Parfait, absolument parfait !",2025-12-01,5
52,17,Presque parfait.,2025-11-26,5
199,17,Presque parfait.,2025-12-05,4
184,17,Presque parfait.,2025-11-25,5
93,17,Les tenders compensaient le reste.,2025-12-13,3
68,17,"Décevant, on peut faire mieux.",2025-11-27,2
1,17,Digne des plus grands banquets de notre ordre !,2025-12-18,5
108,17,"Digne de notre Ordre, bravo.",2025-12-23,4
123,17,Le fromage était masqué par la verdure.,2025-11-25,2
214,17,Quelques légumes mais ça passe.,2025-11-26,3
67,17,Manquait cruellement de fromage.,2025-12-17,2
43,17,La raclette était froide et insipide.,2025-12-12,1
90,17,Vive l'Ordre et vive le fromage !,2025-12-18,5
275,17,Vive l'Ordre et vive le fromage !,2025-11-30,5
137,17,Indigne de notre tradition.,2025-12-05,1
216,17,La raclette était parfaitement fondante.,2025-12-22,4
87,17,"Pas mémorable, mais pas honteux non plus.",2025-12-02,3
200,17,Les tenders compensaient le reste.,2025-12-06,3
157,17,La raclette sauvait un peu le tout.,2025-12-11,3
34,17,La tradition n'était pas respectée.,2025-11-24,2
63,24,Les tenders compensaient le reste.,2026-01-18,3
292,24,Les légumes ont pris trop de place.,2026-01-18,2
202,24,La tradition honorée avec brio.,2026-01-08,4
137,24,Quelques légumes mais ça passe.,2025-12-27,3
28,24,"Ni bon ni mauvais, dans la moyenne.",2025-12-24,3
279,24,Déçu par ce choix culinaire.,2025-12-24,2
97,24,"Rien d'exceptionnel, mais je suis repu.",2025-12-21,3
159,24,"Belle soirée, le fromage coulait bien.",2025-12-19,4
160,24,"Raclette fondante, tenders croustillants.",2026-01-02,4
174,4,La tradition n'était pas respectée.,2026-01-18,2
12,4,La raclette sauvait un peu le tout.,2026-01-04,3
75,4,Le meilleur mélange tenders-raclette jamais goûté.,2026-01-12,5
158,4,Ces légumes sont une profanation.,2026-01-25,1
146,4,La raclette était parfaitement fondante.,2026-01-05,4
103,4,Déçu par ce choix culinaire.,2026-02-01,2
219,4,Les tenders étaient excellents ce soir.,2026-01-28,4
109,4,La tradition n'était pas respectée.,2026-01-24,2
255,4,Je n'aurais pas dû venir.,2026-01-16,1
217,4,Le pire repas de ma vie de tenrac.,2026-01-20,1
34,4,Quelques légumes mais ça passe.,2026-01-23,3
79,4,"Belle soirée, le fromage coulait bien.",2026-02-01,4
88,4,Le fromage était masqué par la verdure.,2026-01-29,2
25,4,"Belle soirée, le fromage coulait bien.",2026-01-05,4
282,4,Une honte culinaire.,2026-01-08,1
114,4,Les tenders étaient excellents ce soir.,2026-01-22,4
33,4,La sauce ne sauvait rien.,2026-02-01,1
297,4,Le fromage était masqué par la verdure.,2026-01-17,2
98,4,"Ni bon ni mauvais, dans la moyenne.",2026-01-17,3
206,4,Le fromage était masqué par la verdure.,2026-01-25,2
223,4,"L'ensemble était équilibré, je suppose.",2026-02-02,3
274,4,Ce repas restera dans les annales de l'ordre.,2026-01-19,5
187,4,Manquait cruellement de fromage.,2026-01-18,2
39,4,Presque parfait.,2026-01-05,5
46,20,La tradition n'était pas respectée.,2026-01-25,2
225,20,"Raclette fondante, tenders croustillants.",2026-02-16,4
274,20,"Exceptionnel, je suis comblé.",2026-02-12,5
160,20,Ces légumes sont une profanation.,2026-01-24,1
19,20,Les légumes ont pris trop de place.,2026-01-31,2
80,20,Vive l'Ordre et vive le fromage !,2026-02-11,5
269,20,"Moyen, comme souvent quand il y a des légumes.",2026-02-17,3
51,20,Les tenders étaient excellents ce soir.,2026-02-11,4
26,20,"Décevant, on peut faire mieux.",2026-02-17,2
211,20,Acceptable pour un soir ordinaire.,2026-02-08,3
242,20,Très bonne soirée dans l'ensemble.,2026-02-13,4
197,20,Presque parfait.,2026-02-22,5
94,5,Les tenders étaient excellents ce soir.,2026-02-02,4
208,5,"Digne de notre Ordre, bravo.",2026-02-10,4
220,5,"Pas mémorable, mais pas honteux non plus.",2026-01-30,3
54,5,"Pas mémorable, mais pas honteux non plus.",2026-02-08,3
45,5,"L'ensemble était équilibré, je suppose.",2026-02-07,3
23,5,"Bon festin, ambiance au rendez-vous.",2026-02-18,4
111,5,"Ni bon ni mauvais, dans la moyenne.",2026-02-24,3
78,5,"Belle soirée, le fromage coulait bien.",2026-02-07,4
70,5,"Magnifique soirée, la tradition honorée.",2026-02-19,5
299,5,Presque parfait.,2026-02-06,5
155,5,"L'ensemble était équilibré, je suppose.",2026-02-23,3
187,5,La raclette coulait avec une grâce infinie.,2026-01-29,5
216,5,"Pas mémorable, mais pas honteux non plus.",2026-01-30,3
135,5,Inacceptable pour l'Ordre.,2026-02-05,1
146,5,On peut faire mieux sans légumes.,2026-01-31,2
211,5,La raclette était froide et insipide.,2026-02-24,1
95,5,"Rien d'exceptionnel, mais je suis repu.",2026-02-23,3
274,5,"Moyen, comme souvent quand il y a des légumes.",2026-02-18,3
282,15,La raclette coulait avec une grâce infinie.,2026-02-12,5
47,15,"Raclette fondante, tenders croustillants.",2026-01-30,4
2,15,La tradition honorée avec brio.,2026-02-14,4
298,15,"Exceptionnel, je suis comblé.",2026-02-17,5
74,15,"Bof, rien d'exceptionnel.",2026-02-18,2
267,15,La raclette était parfaitement fondante.,2026-02-22,4
52,15,"Parfait, absolument parfait !",2026-02-04,5
233,15,Le fromage était masqué par la verdure.,2026-02-15,2
127,15,Digne des plus grands banquets de notre ordre !,2026-02-27,5
246,15,Les tenders étaient excellents ce soir.,2026-02-12,4
16,15,La raclette était parfaitement fondante.,2026-02-01,4
191,15,"Parfait, absolument parfait !",2026-02-18,5
152,15,Vive l'Ordre et vive le fromage !,2026-02-23,5
239,15,La tradition honorée avec brio.,2026-02-20,4
192,15,"Belle soirée, le fromage coulait bien.",2026-02-07,4
146,15,"Rien d'exceptionnel, mais je suis repu.",2026-01-29,3
289,15,"Rien d'exceptionnel, mais je suis repu.",2026-02-11,3
174,15,Je serais au paradis si ce repas durait éternellement.,2026-02-05,5
102,15,"Ni bon ni mauvais, dans la moyenne.",2026-02-12,3
87,15,Presque parfait.,2026-02-18,4
21,15,Acceptable pour un soir ordinaire.,2026-02-13,3
27,15,Ce repas restera dans les annales de l'ordre.,2026-02-14,5
300,15,Les tenders étaient excellents ce soir.,2026-02-11,4
252,24,Presque parfait.,2026-03-01,5
191,24,Quelques légumes mais ça passe.,2026-02-28,3
216,24,"Rien d'exceptionnel, mais je suis repu.",2026-02-18,3
91,24,Trop peu de raclette pour compenser.,2026-02-20,2
54,24,Les tenders compensaient le reste.,2026-03-02,3
38,24,"Belle soirée, le fromage coulait bien.",2026-03-13,4
119,24,Presque parfait.,2026-02-22,4
197,24,Trop peu de raclette pour compenser.,2026-02-24,2
260,24,La raclette coulait avec une grâce infinie.,2026-02-22,5
51,24,"Parfait, absolument parfait !",2026-02-23,5
270,16,Les tenders étaient excellents ce soir.,2026-03-23,4
119,16,Vive l'Ordre et vive le fromage !,2026-03-15,5
269,16,"Bof, rien d'exceptionnel.",2026-03-24,2
255,16,"Horrible, les légumes ont tout gâché.",2026-03-11,1
162,16,Indigne de notre tradition.,2026-03-12,1
214,16,"Exceptionnel, je suis comblé.",2026-03-07,5
137,16,Très bonne soirée dans l'ensemble.,2026-03-21,4
247,16,Très bonne soirée dans l'ensemble.,2026-03-09,4
91,16,La raclette était parfaitement fondante.,2026-03-26,4
121,16,On peut faire mieux sans légumes.,2026-03-24,2
53,16,Le meilleur mélange tenders-raclette jamais goûté.,2026-03-19,5
28,16,Quelques légumes mais ça passe.,2026-03-15,3
265,16,"L'ensemble était équilibré, je suppose.",2026-03-04,3
74,16,"Raclette fondante, tenders croustillants.",2026-02-26,4
21,16,"Bon festin, ambiance au rendez-vous.",2026-03-20,4
76,16,La raclette était parfaitement fondante.,2026-03-19,4
86,16,Trop peu de raclette pour compenser.,2026-03-09,2
205,16,Digne des plus grands banquets de notre ordre !,2026-03-12,5
92,16,"Parfait, absolument parfait !",2026-03-01,5
286,16,La raclette coulait avec une grâce infinie.,2026-03-26,5
261,19,Vive l'Ordre et vive le fromage !,2026-03-26,5
94,19,"Ni bon ni mauvais, dans la moyenne.",2026-03-26,3
249,19,"Bof, rien d'exceptionnel.",2026-03-23,2
3,19,"Rien d'exceptionnel, mais je suis repu.",2026-03-26,3
241,19,"Pas mémorable, mais pas honteux non plus.",2026-03-20,3
80,19,Digne des plus grands banquets de notre ordre !,2026-03-26,5
142,19,"Horrible, les légumes ont tout gâché.",2026-03-22,1
180,19,Presque parfait.,2026-03-26,5
259,19,La raclette sauvait un peu le tout.,2026-03-26,3
225,19,Les tenders compensaient le reste.,2026-03-26,3
116,19,Trop peu de raclette pour compenser.,2026-03-26,2
35,19,Le pire repas de ma vie de tenrac.,2026-03-26,1
219,19,"Exceptionnel, je suis comblé.",2026-03-26,5
242,19,Très bonne soirée dans l'ensemble.,2026-03-26,4
203,19,Inacceptable pour l'Ordre.,2026-03-26,1
